rank,ticker,name,bucket,tag,composite,class,F1_rev_per_emp,F2_op_margin,F3_gross_margin,F4_emp_density,F5_fcf_drag,rev_per_emp_$,op_margin,gross_margin,employees,revenue_$M,market_cap_$M,rev_growth,how
1,TTEC,"TTEC Holdings, Inc.",CX BPO,CS_INTENSITY,100.0,PRIME,96.8,84.4,70.3,96.8,,44467.0,4.1,23.5,47200,2099.0,134.0,-7.1,Most-exposed name on Earth — direct voice-agent substitution
2,CNDT,Conduent Incorporated,CX BPO,CS_INTENSITY,100.0,PRIME,93.6,93.8,76.6,93.6,,62792.0,-0.6,18.4,48000,3014.0,292.0,-3.7,Conduent — same
3,IBEX,IBEX Limited,CX BPO,CS_INTENSITY,96.7,PRIME,100.0,64.8,58.6,100.0,91.1,17415.0,9.8,29.9,36000,627.0,429.0,16.8,Small-cap BPO
4,CNXC,Concentrix Corporation,CX BPO,CS_INTENSITY,96.5,PRIME,99.2,74.2,49.2,99.2,,21877.0,6.2,34.4,455000,9954.0,1607.0,5.4,"Concentrix — $9B revenue, ~440K employees — extreme labor leverage"
5,DXC,DXC Technology Company,IT Services,LABOR_PCT,95.6,PRIME,90.4,96.1,68.8,90.4,1.1,109948.0,-2.2,24.0,115000,12644.0,1553.0,-1.2,Legacy IT outsourcing; ticket triage and L1/L2 support fully agent-able
6,KD,"Kyndryl Holdings, Inc.",IT Services,LABOR_PCT,93.9,PRIME,,82.0,71.9,,,,4.5,21.8,,15092.0,2771.0,-0.8,IBM infra-services spinoff; managed infra ops automatable
7,CTSH,Cognizant Technology Solutions Corporation,IT Services,LABOR_PCT,90.3,PRIME,95.2,48.4,50.8,95.2,78.9,59860.0,15.6,33.5,357600,21406.0,24951.0,5.8,76% of revenue is labor; agentic coding compresses billable hours and SOW delivery time
8,EPAM,"EPAM Systems, Inc.",IT Services,LABOR_PCT,88.2,PRIME,92.0,66.4,60.2,92.0,18.9,88533.0,9.5,29.1,62750,5555.0,5365.0,7.6,53% labor; offshore-heavy delivery model directly substituted by code-gen agents
9,G,Genpact Limited,BPO,BPO,86.4,PRIME,97.6,49.2,46.1,97.6,40.0,35593.0,15.4,36.3,145000,5161.0,5409.0,6.7,"Transactional F&A BPO — invoice processing, AR/AP automation"
10,EXLS,"ExlService Holdings, Inc.",BPO,BPO,85.7,PRIME,98.4,46.9,40.6,98.4,44.4,33185.0,16.0,38.5,65000,2157.0,4509.0,13.8,Analytics + claims BPO; insurance back-office heavy
11,INFY,Infosys Limited,IT Services,LABOR_PCT,84.7,PRIME,94.4,31.2,59.4,94.4,66.7,61346.0,20.9,29.5,328594,20158.0,51276.0,6.6,Indian-IT model — application maintenance + BPO directly automatable
12,GLOB,Globant S.A.,IT Services,BILL_HOURS,83.7,PRIME,92.8,70.3,47.7,92.8,16.7,85966.0,8.5,34.9,28510,2451.0,1733.0,-0.7,Digital engineering services; code-gen displaces a chunk of dev hours
13,CBRE,"CBRE Group, Inc.",RE Services,KNOW_WORKER,83.3,PRIME,74.4,89.8,75.0,74.4,84.4,272271.0,2.7,18.5,155000,42202.0,38379.0,18.6,Brokerage labor + property mgmt admin
14,ICLR,ICON Public Limited Company,CRO,LABOR_PCT,81.6,PRIME,83.2,57.0,62.5,83.2,27.8,203583.0,12.7,28.2,39800,8103.0,9082.0,0.6,Late-stage CRO
15,GOCO,"GoHealth, Inc.",Insurance Marketplace,CS_INTENSITY,81.3,PRIME,85.6,,21.1,85.6,,179749.0,-292.0,57.3,850,153.0,19.0,-94.6,Same as EHTH
16,GXO,"GXO Logistics, Inc.",Logistics,BACKOFFICE,81.0,PRIME,89.6,90.6,79.7,89.6,15.6,128562.0,2.6,15.4,105000,13499.0,5461.0,10.8,Warehouse ops + admin
17,CWK,Cushman & Wakefield Limited,RE Services,KNOW_WORKER,81.0,PRIME,84.0,91.4,77.3,84.0,6.7,198857.0,2.3,18.2,53000,10539.0,3020.0,11.0,Cushman & Wakefield
18,IQV,IQVIA Holdings Inc.,CRO,LABOR_PCT,80.3,PRIME,86.4,53.1,51.6,86.4,26.7,178839.0,13.6,33.0,93000,16632.0,28023.0,8.4,45% labor (Goldman); clinical-trial data mgmt + monitoring
19,ACN,Accenture plc,IT Services,BILL_HOURS,79.7,PRIME,91.2,52.3,54.7,91.2,24.4,91743.0,13.8,32.0,786000,72110.0,110311.0,8.3,"Knowledge-worker pyramid; AI replaces first-year analyst/associate work, expands pricing"
20,JLL,Jones Lang LaSalle Incorporated,RE Services,KNOW_WORKER,79.5,PRIME,79.2,88.3,28.9,79.2,96.7,236776.0,3.3,51.1,113000,26756.0,13533.0,11.1,Same
21,CRL,"Charles River Laboratories International, Inc.",CRO,LABOR_PCT,79.4,PRIME,80.8,47.7,48.4,80.8,,220057.0,15.9,34.5,18300,4027.0,7721.0,1.2,Preclinical CRO — lab labor
22,LAUR,"Laureate Education, Inc.",Higher Ed,BACKOFFICE,78.8,PRIME,96.0,,45.3,96.0,43.3,57946.0,-10.1,37.0,30000,1738.0,4636.0,15.4,Laureate — back-office admin
23,HURN,Huron Consulting Group Inc.,Consulting,KNOW_WORKER,76.3,PRIME,81.6,68.0,53.1,81.6,68.9,214152.0,9.3,32.6,7989,1711.0,1710.0,12.1,Healthcare/education consulting
24,XPO,"XPO, Inc.",LTL/Logistics,BACKOFFICE,75.4,PRIME,80.0,68.8,74.2,80.0,71.1,224297.0,8.8,18.6,37000,8299.0,23825.0,7.3,Dispatch + appointment scheduling
25,EHTH,"eHealth, Inc.",Insurance Marketplace,CS_INTENSITY,74.4,GOOD,67.2,85.2,0.0,67.2,97.8,317662.0,4.0,100.0,1665,529.0,50.0,-22.2,High agent labor; AI displaces ACA navigators
26,OMC,Omnicom Group Inc.,Ad Agency,KNOW_WORKER,74.1,GOOD,88.8,59.4,75.8,88.8,0.0,165203.0,11.9,18.4,120000,19824.0,21356.0,69.2,Knowledge-worker model; AI creative tooling cuts headcount
27,CACI,CACI International Inc,Gov IT Services,BILL_HOURS,73.9,GOOD,62.4,65.6,53.9,62.4,85.6,339365.0,9.7,32.6,27000,9163.0,11075.0,8.5,Government IT services; same SOW pyramid
28,LDOS,"Leidos Holdings, Inc.",Gov IT Services,BILL_HOURS,73.1,GOOD,58.4,57.8,78.1,58.4,82.2,346580.0,12.2,17.9,50000,17329.0,15850.0,3.7,Defense + civil IT services
29,RHI,Robert Half Inc.,Staffing,LABOR_PCT,72.8,GOOD,52.8,89.1,43.8,52.8,54.4,367364.0,2.8,37.2,14500,5327.0,2794.0,-3.8,79% labor; matching + screening = textbook agentic workflow
30,ICFI,"ICF International, Inc.",Gov Consulting,KNOW_WORKER,72.2,GOOD,76.0,72.7,44.5,76.0,58.9,261436.0,8.0,37.2,6972,1823.0,1248.0,-10.3,Federal IT/consulting
31,SCI,Service Corporation International,Funeral Services,BACKOFFICE,69.9,GOOD,88.0,28.1,65.6,88.0,90.0,173261.0,22.1,26.2,25000,4332.0,10678.0,2.1,Service Corp — admin back office
32,WIT,Wipro Limited,IT Services,LABOR_PCT,69.0,GOOD,,41.4,67.2,,83.3,,17.1,25.4,,926240.0,21075.0,7.7,Same offshore IT model as INFY; high billable-hour share
33,EVH,"Evolent Health, Inc.",Health Tech,CLAIMS_INTENS,68.8,GOOD,43.2,95.3,72.7,43.2,,449720.0,-2.0,20.2,4200,1889.0,444.0,2.6,Value-based care admin — claims + analytics
34,FITB,Fifth Third Bancorp,Regional Bank,BACKOFFICE,68.5,GOOD,59.2,73.4,91.4,59.2,,346420.0,8.0,,25980,9000.0,44844.0,33.0,Same
35,KFY,Korn Ferry,Executive Search,KNOW_WORKER,67.7,GOOD,68.8,58.6,68.0,68.8,52.2,309061.0,12.2,24.8,9253,2860.0,3530.0,7.3,Search + consulting hybrid; AI screens candidates
36,BAH,Booz Allen Hamilton Holding Corporation,Gov Consulting,KNOW_WORKER,66.2,GOOD,56.8,67.2,71.1,56.8,72.2,356095.0,9.5,22.4,31500,11217.0,9422.0,-6.5,Government consulting; knowledge-worker model
37,HUBG,"Hub Group, Inc.",Freight Broker,CS_INTENSITY,66.2,GOOD,29.6,83.6,82.8,29.6,94.4,564638.0,4.2,11.4,6604,3729.0,2535.0,-5.3,Same
38,ROL,"Rollins, Inc.",Pest Control,BACKOFFICE,65.6,GOOD,87.2,46.1,26.6,87.2,64.4,174771.0,16.1,52.6,22000,3845.0,25739.0,10.2,Dispatch + scheduling labor
39,FIS,"Fidelity National Information Services, Inc.",Bank Tech,BACKOFFICE,64.1,GOOD,76.8,45.3,46.9,76.8,73.3,260000.0,16.4,36.3,44000,11440.0,22515.0,30.1,Same — payments + bank ops automation
40,AJG,Arthur J. Gallagher & Co.,Insurance Broker,BACKOFFICE,63.6,GOOD,84.8,25.0,38.3,84.8,92.2,196178.0,28.4,42.9,72373,14198.0,52609.0,34.6,Mid-market broker
41,MAN,ManpowerGroup Inc.,Staffing,LABOR_PCT,63.3,GOOD,24.8,93.0,78.9,24.8,,723512.0,1.0,16.4,25400,18377.0,1366.0,10.3,Global staffing; high SG&A on branch-network labor
42,WTW,Willis Towers Watson Public Limited Company,Insurance Broker,KNOW_WORKER,62.5,GOOD,82.4,33.6,39.1,82.4,41.1,210574.0,20.5,42.4,47000,9897.0,24311.0,8.5,Same + HR consulting
43,LRN,"Stride, Inc.",K-12 Education,KNOW_WORKER,61.2,GOOD,70.4,32.0,41.4,70.4,88.9,294845.0,20.8,38.4,8600,2536.0,3769.0,2.7,Stride — virtual instruction labor
44,MDRX,Veradigm Inc.,Health IT,BACKOFFICE,60.0,GOOD,78.4,43.0,27.3,78.4,,240007.0,16.6,52.5,2450,588.0,516.0,5.0,EHR/admin software; AI scribe + agentic billing
45,NMRK,"Newmark Group, Inc.",RE Services,KNOW_WORKER,58.8,MIXED,55.2,86.7,0.8,55.2,65.6,361984.0,3.4,100.0,9600,3475.0,3638.0,27.2,Newmark
46,EXPD,"Expeditors International of Washington, Inc.",Freight Forwarder,CS_INTENSITY,57.5,MIXED,30.4,62.5,81.2,30.4,70.0,549362.0,10.6,13.6,20361,11186.0,20728.0,4.4,Door-to-door coordination — call center heavy
47,TRI,Thomson Reuters Corporation,Legal/Info,KNOW_WORKER,55.5,MIXED,72.8,21.9,39.8,72.8,50.0,282768.0,30.3,39.5,27100,7663.0,37481.0,9.8,Westlaw + CoCounsel agent — both sides of the trade
48,NICE,NICE Ltd.,CCaaS Software,BACKOFFICE,55.4,MIXED,68.0,43.8,20.3,68.0,74.4,313092.0,16.5,65.8,9626,3014.0,5521.0,9.8,Contact-center software building the AI layer (beneficiary side)
49,FCN,"FTI Consulting, Inc.",Consulting,KNOW_WORKER,55.1,MIXED,37.6,69.5,55.5,37.6,80.0,474164.0,8.5,31.9,8170,3874.0,4645.0,9.5,FTI consulting — expert witness + restructuring; document review automatable
50,WLY,"John Wiley & Sons, Inc.",Publishing,KNOW_WORKER,54.8,MIXED,66.4,44.5,11.7,66.4,61.1,321378.0,16.4,74.1,5200,1671.0,2173.0,1.3,Academic content; AI summarization
51,STRA,"Strategic Education, Inc.",Education Services,KNOW_WORKER,54.7,MIXED,60.8,51.6,30.5,60.8,42.2,344979.0,14.1,49.3,3683,1271.0,1784.0,0.8,Strategic Education — admin + course-development labor
52,RELX,RELX PLC,Legal/Info,KNOW_WORKER,54.0,MIXED,75.2,20.3,19.5,75.2,57.8,268477.0,31.4,66.3,35720,9590.0,58353.0,1.2,LexisNexis — same
53,Z,"Zillow Group, Inc.",Real Estate,CS_INTENSITY,53.7,MIXED,48.8,78.1,12.5,48.8,8.9,381553.0,5.1,73.3,7058,2693.0,8315.0,18.4,Zillow — listings + leads ops
54,C,Citigroup Inc.,Money Center Bank,BACKOFFICE,53.3,MIXED,57.6,18.0,97.7,57.6,,351491.0,34.1,,224000,78734.0,213351.0,15.9,Restructuring + AI ops modernization
55,WK,Workiva Inc.,Compliance SW,BACKOFFICE,53.1,MIXED,65.6,75.0,7.8,65.6,3.3,321387.0,6.2,79.4,2880,926.0,2823.0,19.9,Workiva — disclosure mgmt automation
56,KFRC,Kforce Inc.,Staffing,LABOR_PCT,52.9,MIXED,21.6,85.9,64.1,21.6,22.2,830839.0,3.6,27.3,1600,1329.0,741.0,0.1,Tech-focused staffing
57,AON,Aon plc,Insurance Broker,BACKOFFICE,52.7,MIXED,71.2,15.6,33.6,71.2,81.1,291433.0,35.8,47.3,60000,17486.0,69366.0,6.5,Same
58,TYL,"Tyler Technologies, Inc.",Gov Software,BACKOFFICE,52.7,MIXED,69.6,42.2,35.2,69.6,21.1,309059.0,17.0,46.8,7703,2381.0,12887.0,8.6,"Building the AI tools, but heavy implementation staff"
59,HBAN,Huntington Bancshares Incorporated,Regional Bank,BACKOFFICE,52.3,MIXED,63.2,6.2,93.0,63.2,,336756.0,40.7,,24641,8298.0,32272.0,33.6,Same
60,CHRW,"C.H. Robinson Worldwide, Inc.",Freight Broker,CS_INTENSITY,51.9,MIXED,13.6,79.7,85.9,13.6,55.6,1383935.0,4.9,8.6,11705,16199.0,20537.0,-0.8,Brokerage labor (load matching + quoting) — direct AI substitution
61,JKHY,"Jack Henry & Associates, Inc.",Bank Tech,BACKOFFICE,51.8,MIXED,61.6,26.6,37.5,61.6,87.8,344615.0,24.4,44.1,7300,2516.0,9961.0,8.7,Community-bank back-office software
62,RNG,"RingCentral, Inc.",CCaaS Software,BACKOFFICE,50.4,MIXED,60.0,71.1,14.8,60.0,4.4,345254.0,8.2,71.6,7378,2547.0,3651.0,5.3,RingCentral — AI-native call center push
63,HUBS,"HubSpot, Inc.",Marketing Software,BACKOFFICE,50.1,MIXED,53.6,87.5,5.5,53.6,5.6,365605.0,3.3,83.7,9021,3298.0,10339.0,23.4,HubSpot — Breeze AI agents
64,PCTY,Paylocity Holding Corporation,HR Tech,BACKOFFICE,50.0,MIXED,77.6,21.1,16.4,77.6,34.4,257810.0,31.3,69.4,6700,1727.0,6052.0,10.5,Mid-market HR — implementation & support staff
65,PBI,Pitney Bowes Inc.,Doc Processing,BACKOFFICE,49.4,MIXED,72.0,27.3,24.2,72.0,28.9,284337.0,23.4,54.1,6600,1877.0,2065.0,-3.2,Pitney Bowes — mail/doc workflow legacy
66,WFC,Wells Fargo & Company,Money Center Bank,BACKOFFICE,49.3,MIXED,48.0,23.4,96.9,48.0,,403659.0,29.4,,200999,81135.0,233798.0,5.7,Branch + back office
67,AMG,"Affiliated Managers Group, Inc.",Asset Mgmt,KNOW_WORKER,49.0,MIXED,50.4,28.9,31.2,50.4,95.6,379054.0,22.1,49.3,5600,2123.0,7975.0,9.7,Same
68,IT,"Gartner, Inc.",Research/Advisory,KNOW_WORKER,48.8,MIXED,64.0,34.4,17.2,64.0,33.3,334287.0,20.5,69.0,19367,6474.0,10713.0,-1.5,Research & advisory; LLMs replicate analyst report writing
69,ADP,"Automatic Data Processing, Inc.",Payroll/HR,BACKOFFICE,48.1,MIXED,64.8,22.7,32.8,64.8,51.1,322394.0,30.2,48.5,67000,21600.0,90064.0,7.0,Same model at larger scale; CS heavy
70,PINC,"Premier, Inc.",Healthcare GPO,BACKOFFICE,48.0,MIXED,52.0,60.9,13.3,52.0,,372040.0,11.4,73.0,2700,1005.0,2337.0,-3.3,Healthcare GPO admin
71,ZION,"Zions Bancorporation, National Association",Regional Bank,BACKOFFICE,48.0,MIXED,51.2,14.1,93.8,51.2,,373157.0,36.1,,9090,3392.0,9137.0,10.2,Same
72,ASGN,ASGN Inc,Staffing,LABOR_PCT,47.9,MIXED,12.0,82.8,61.7,12.0,,1421571.0,4.2,28.6,2800,3980.0,834.0,,IT/professional staffing
73,RF,Regions Financial Corporation,Regional Bank,BACKOFFICE,47.9,MIXED,56.0,7.0,89.1,56.0,,360522.0,40.1,,19910,7178.0,23750.0,7.3,Same
74,CHGG,"Chegg, Inc.",Online Learning,KNOW_WORKER,47.7,MIXED,28.8,94.5,18.8,28.8,,565218.0,-1.6,67.0,564,319.0,174.0,-47.9,Direct AI substitution risk — but pivoting to AI tutor
75,MEDP,"Medpace Holdings, Inc.",CRO,LABOR_PCT,46.8,MIXED,44.8,35.2,14.1,44.8,56.7,425122.0,20.0,71.9,6300,2678.0,12361.0,26.5,Mid-cap CRO
76,FIVN,"Five9, Inc.",CCaaS Software,BACKOFFICE,46.7,MIXED,47.2,75.8,22.7,47.2,7.8,403678.0,6.1,55.5,2910,1175.0,1743.0,9.2,Same — direct AI agent monetization
77,USB,U.S. Bancorp,Regional Bank,BACKOFFICE,45.0,MIXED,49.6,10.2,87.5,49.6,,380671.0,37.8,,70000,26647.0,85113.0,4.6,Same — super-regional
78,KEY,KeyCorp,Regional Bank,BACKOFFICE,45.0,MIXED,45.6,16.4,90.6,45.6,,412216.0,35.8,,17469,7201.0,23376.0,11.8,Same
79,MET,"MetLife, Inc.",Life Insurance,CLAIMS_INTENS,44.9,MIXED,8.8,64.1,69.5,8.8,100.0,1686609.0,9.9,23.8,46000,77584.0,54087.0,2.7,Same
80,COF,Capital One Financial Corporation,Cards/Bank,BACKOFFICE,44.9,MIXED,39.2,24.2,98.4,39.2,,470960.0,28.6,,77100,36311.0,116860.0,46.3,Servicing + collections
81,BRO,"Brown & Brown, Inc.",Insurance Broker,BACKOFFICE,44.8,MIXED,73.6,2.3,25.0,73.6,36.7,273418.0,47.2,53.4,22888,6258.0,19598.0,35.7,Brown & Brown
82,NYT,The New York Times Company,Publisher,KNOW_WORKER,44.6,MIXED,36.0,56.2,29.7,36.0,60.0,479024.0,13.1,50.7,6000,2874.0,12133.0,12.1,Translation + editorial automation
83,PNC,"The PNC Financial Services Group, Inc.",Regional Bank,BACKOFFICE,44.2,MIXED,46.4,13.3,88.3,46.4,,408793.0,36.7,,56366,23042.0,88035.0,13.8,Same
84,UNH,UnitedHealth Group Incorporated,Health Insurance,CLAIMS_INTENS,44.2,MIXED,16.0,71.9,73.4,16.0,32.2,1153110.0,8.0,18.8,390000,449713.0,352787.0,2.0,Optum admin + prior auth automation
85,ELV,"Elevance Health, Inc.",Health Insurance,CLAIMS_INTENS,44.0,MIXED,4.0,77.3,66.4,4.0,86.7,2084865.0,5.3,25.9,96129,200416.0,85712.0,2.6,Same — Elevance
86,CFG,"Citizens Financial Group, Inc.",Regional Bank,BACKOFFICE,43.7,MIXED,42.4,18.8,89.8,42.4,,453682.0,32.1,,17380,7885.0,26595.0,13.8,Same
87,COMP,"Compass, Inc.",Real Estate,CS_INTENSITY,43.4,MIXED,1.6,97.7,82.0,1.6,2.2,2596750.0,-5.7,12.9,3200,8310.0,6276.0,99.4,Compass — same
88,LNC,Lincoln National Corporation,Life Insurance,CLAIMS_INTENS,43.0,MIXED,5.6,96.9,64.8,5.6,23.3,1998302.0,-4.1,27.0,9423,18830.0,6889.0,12.5,Same — smaller
89,HUM,Humana Inc.,Health Insurance,CLAIMS_INTENS,42.5,MIXED,4.8,81.2,80.5,4.8,38.9,2045929.0,4.7,14.0,67060,137200.0,36973.0,23.5,Same — Humana
90,MTB,M&T Bank Corporation,Regional Bank,BACKOFFICE,42.2,MIXED,44.0,8.6,92.2,44.0,,425775.0,38.9,,21866,9310.0,31219.0,5.7,Same
91,MOH,"Molina Healthcare, Inc.",Health Insurance,CLAIMS_INTENS,41.8,MIXED,2.4,92.2,85.2,2.4,10.0,2268210.0,1.7,8.9,19000,43096.0,9594.0,-4.3,Medicaid managed care
92,BR,"Broadridge Financial Solutions, Inc.",Bank Tech,BACKOFFICE,41.1,MIXED,35.2,39.1,56.2,35.2,53.3,488153.0,18.4,31.3,15000,7322.0,17405.0,7.8,Broadridge — proxy/regulatory ops
93,PAYC,"Paycom Software, Inc.",HR Tech,BACKOFFICE,40.4,MIXED,54.4,12.5,4.7,54.4,93.3,362756.0,36.8,87.6,5770,2093.0,6425.0,7.8,Same
94,CI,The Cigna Group,Health Insurance,CLAIMS_INTENS,40.4,MIXED,0.0,76.6,84.4,0.0,48.9,4231708.0,5.5,9.1,65669,277892.0,75720.0,4.6,Cigna + Evernorth (PBM)
95,DLX,Deluxe Corporation,Print/Marketing,BACKOFFICE,40.3,MIXED,40.0,53.9,25.8,40.0,30.0,467031.0,13.5,52.9,4571,2135.0,1086.0,0.3,Deluxe — checks + marketing services
96,CNC,Centene Corporation,Health Insurance,CLAIMS_INTENS,39.9,AVOID,0.8,78.9,83.6,0.8,,2923475.0,5.1,10.6,61000,178332.0,29203.0,5.1,Medicaid claims
97,DOCU,"DocuSign, Inc.",Doc Software,BACKOFFICE,38.8,AVOID,41.6,63.3,7.0,41.6,11.1,457056.0,10.5,79.6,7044,3220.0,9623.0,7.8,DocuSign Maestro — agreement automation
98,BEN,"Franklin Resources, Inc.",Asset Mgmt,KNOW_WORKER,38.3,AVOID,20.0,40.6,43.0,20.0,98.9,902970.0,17.2,37.4,10000,9030.0,16119.0,8.7,Same
99,PRU,"Prudential Financial, Inc.",Life Insurance,CLAIMS_INTENS,38.1,AVOID,8.0,80.5,60.9,8.0,13.3,1728877.0,4.7,29.0,36607,63289.0,36163.0,15.3,Annuity admin + underwriting heavy
100,ALLY,Ally Financial Inc.,Auto Finance,BACKOFFICE,38.0,AVOID,23.2,30.5,100.0,23.2,,746311.0,21.0,,10300,7687.0,12981.0,19.7,Servicing back office
101,BAC,Bank of America Corporation,Money Center Bank,BACKOFFICE,37.9,AVOID,32.0,14.8,96.1,32.0,,516934.0,36.0,,212000,109590.0,367603.0,8.1,Targeting 200+bps operating leverage via AI
102,WDAY,"Workday, Inc.",HCM Software,BACKOFFICE,35.9,AVOID,38.4,55.5,10.9,38.4,12.2,472977.0,13.3,75.8,20834,9854.0,31995.0,13.5,Building AI but heavy services revenue
103,CINF,Cincinnati Financial Corporation,P&C Insurance,CLAIMS_INTENS,35.7,AVOID,3.2,60.2,63.3,3.2,63.3,2266082.0,11.8,27.9,5705,12928.0,26003.0,11.6,Same — mid-cap P&C
104,TFC,Truist Financial Corporation,Regional Bank,BACKOFFICE,35.7,AVOID,34.4,7.8,86.7,34.4,,492568.0,39.0,,37877,18657.0,60276.0,5.2,Branch + back-office labor; AI cuts opex bps
105,SYF,Synchrony Financial,Cards,BACKOFFICE,35.6,AVOID,33.6,1.6,99.2,33.6,,494600.0,48.0,,20000,9892.0,24161.0,6.1,Synchrony — collections heavy
106,NOW,"ServiceNow, Inc.",Enterprise Software,BACKOFFICE,35.0,AVOID,36.8,54.7,10.2,36.8,14.4,478295.0,13.3,76.6,29187,13960.0,105327.0,22.1,ServiceNow — IT/ops AI agents
107,JPM,JPMorgan Chase & Co.,Money Center Bank,BACKOFFICE,34.5,AVOID,31.2,4.7,95.3,31.2,,542238.0,43.7,,320079,173559.0,820949.0,12.7,Internal AI org — Dimon cited '10% ops cut'
108,ACIW,"ACI Worldwide, Inc.",Payments Software,BACKOFFICE,34.5,AVOID,26.4,50.8,32.0,26.4,37.8,611251.0,14.8,49.0,2930,1791.0,4343.0,7.9,ACI — payments middleware ops
109,ALL,The Allstate Corporation,P&C Insurance,CLAIMS_INTENS,33.8,AVOID,15.2,37.5,50.0,15.2,62.2,1286302.0,19.0,34.4,53000,68174.0,55757.0,3.0,Personal lines claims
110,HQY,"HealthEquity, Inc.",Benefits Admin,BACKOFFICE,32.7,AVOID,40.8,29.7,15.6,40.8,25.6,466748.0,21.6,69.5,2814,1313.0,7386.0,7.3,HSA + COBRA admin — back-office processing
111,WAL,Western Alliance Bancorporation,Regional Bank,BACKOFFICE,32.7,AVOID,20.8,19.5,94.5,20.8,,896206.0,31.8,,3769,3378.0,8581.0,7.9,Same
112,RBA,"RB Global, Inc.",Auctions,BACKOFFICE,32.5,AVOID,28.0,39.8,35.9,28.0,31.1,589588.0,18.0,46.4,8000,4717.0,19509.0,11.4,RB Global — auction admin
113,CB,Chubb Limited,P&C Insurance,CLAIMS_INTENS,31.6,AVOID,14.4,32.8,57.0,14.4,47.8,1355289.0,20.6,31.0,45000,60988.0,127175.0,10.2,Specialty commercial; underwriting AI
114,LPLA,LPL Financial Holdings Inc.,Wealth Mgmt,BACKOFFICE,30.8,AVOID,7.2,61.7,57.8,7.2,,1801845.0,11.1,30.4,9901,17840.0,22858.0,35.0,Advisor support back office
115,HIG,"The Hartford Insurance Group, Inc.",P&C Insurance,CLAIMS_INTENS,30.3,AVOID,10.4,50.0,42.2,10.4,35.6,1499531.0,15.3,38.2,19200,28791.0,37287.0,6.1,Commercial + group benefits claims
116,HRB,"H&R Block, Inc.",Tax Services,LABOR_PCT,29.0,AVOID,19.2,5.5,36.7,19.2,76.7,909659.0,43.2,44.3,4300,3912.0,4930.0,5.3,46% labor / 97th %ile (Goldman); tax-prep workflow fully agent-able
117,CRM,"Salesforce, Inc.",Enterprise Software,BACKOFFICE,28.8,AVOID,32.8,36.7,9.4,32.8,17.8,498296.0,19.2,77.7,83334,41525.0,147307.0,12.1,"Agentforce — building the agent, services cuts"
118,COUR,"Coursera, Inc.",Online Learning,KNOW_WORKER,27.6,AVOID,27.2,,23.4,27.2,,592119.0,-12.9,54.8,1307,774.0,1523.0,9.1,Coursera — content + grading automation
119,TRV,"The Travelers Companies, Inc.",P&C Insurance,CLAIMS_INTENS,27.5,AVOID,11.2,38.3,52.3,11.2,20.0,1439471.0,18.7,32.9,34000,48942.0,65167.0,1.0,Claims processing — agentic AI cuts loss adjustment expense ratio
120,ZM,"Zoom Communications, Inc.",Comms/CCaaS,BACKOFFICE,27.3,AVOID,25.6,25.8,8.6,25.6,67.8,663224.0,25.1,77.8,7438,4933.0,31136.0,5.5,Zoom AI Companion + contact center pivot
121,TROW,"T. Rowe Price Group, Inc.",Asset Mgmt,KNOW_WORKER,25.1,AVOID,18.4,11.7,28.1,18.4,75.6,986799.0,37.2,52.0,7507,7408.0,22153.0,5.3,Research-analyst pyramid
122,BLK,"BlackRock, Inc.",Asset Mgmt,KNOW_WORKER,24.1,AVOID,17.6,17.2,34.4,17.6,46.7,1009370.0,35.6,46.9,25400,25638.0,166566.0,27.0,Aladdin + research analyst leverage
123,RJF,"Raymond James Financial, Inc.",Wealth Mgmt,BACKOFFICE,22.8,AVOID,22.4,35.9,2.3,22.4,,755026.0,19.3,93.0,19500,14723.0,29517.0,13.1,Raymond James — same
124,AMP,"Ameriprise Financial, Inc.",Wealth Mgmt,BACKOFFICE,20.2,AVOID,12.8,10.9,21.9,12.8,77.8,1420294.0,37.2,56.6,13600,19316.0,40661.0,9.0,Ameriprise — same
125,SCHW,The Charles Schwab Corporation,Brokerage,CS_INTENSITY,15.9,AVOID,24.0,0.8,1.6,24.0,,740418.0,49.4,97.5,33500,24804.0,156783.0,15.8,Self-service brokerage; AI compresses CS
126,INTU,Intuit Inc.,Fintech Software,BACKOFFICE,14.7,AVOID,16.8,3.1,6.2,16.8,45.6,1149725.0,47.0,80.8,18200,20925.0,87515.0,10.4,Building the AI agent; TurboTax/QBO margin expansion
127,HOOD,"Robinhood Markets, Inc.",Brokerage,CS_INTENSITY,9.9,AVOID,9.6,9.4,3.9,9.6,,1590690.0,38.5,92.2,2900,4613.0,66313.0,15.1,Camillo top pick; high rev/employee benchmark
128,PAYX,"Paychex, Inc.",Payroll/HR,BACKOFFICE,9.2,AVOID,,3.9,18.0,,,,44.4,67.2,,3968.0,34754.0,19.9,Payroll service-bureau labor; AI compresses CS + onboarding
129,IBKR,"Interactive Brokers Group, Inc.",Brokerage,CS_INTENSITY,4.7,AVOID,6.4,0.0,3.1,6.4,,1994121.0,76.8,93.0,3232,6445.0,138300.0,16.8,Already efficient — comparison anchor
130,HSII,HSII,Executive Search,KNOW_WORKER,,NO_DATA,,,,,,,,,,,,,Pure exec search — sourcing agents replace researchers
131,FI,FI,Bank Tech,BACKOFFICE,,NO_DATA,,,,,,,,,,,,,Fiserv — large payment + bank back-office
132,OMI,OMI,Healthcare Distrib,BACKOFFICE,,NO_DATA,,,,,,,,,,,,,Distribution + back office
133,MMC,MMC,Insurance Broker,BACKOFFICE,,NO_DATA,,,,,,,,,,,,,Brokerage admin + advisory; agentic policy mgmt
134,CMA,CMA,Regional Bank,BACKOFFICE,,NO_DATA,,,,,,,,,,,,,Same
135,IPG,IPG,Ad Agency,KNOW_WORKER,,NO_DATA,,,,,,,,,,,,,Same; consolidating w/ OMC
136,GCI,GCI,Publisher,KNOW_WORKER,,NO_DATA,,,,,,,,,,,,,Gannett — newsroom labor
137,RDFN,RDFN,Real Estate,CS_INTENSITY,,NO_DATA,,,,,,,,,,,,,Redfin — agent + ops labor
138,MAXR,MAXR,Gov BPO,CS_INTENSITY,,NO_DATA,,,,,,,,,,,,,MAXIMUS — government BPO (Medicare/Medicaid call center)
139,EVRI,EVRI,Gaming Tech,BACKOFFICE,,NO_DATA,,,,,,,,,,,,,Field-service + back office
140,DFS,DFS,Cards,BACKOFFICE,,NO_DATA,,,,,,,,,,,,,Same
