ticker,segment,high_nii,name,price,market_cap,p_tbv,tbv_ps,pb,rotce,roa_ttm,roe,trailing_pe,forward_pe,fwd_eps_growth,rev_growth,div_yield,equity_assets,loan_deposit,securities_assets,nib_pct,nim,nim_trend_bps,funding_cost,good_score,rate_score,flags
INBK,REGIONAL,False,First Internet Bancorp,24.69,215214384,0.604081727412306,40.871953048081934,0.59623283,-0.09193735498839907,-0.0058242384134886875,-0.08976,,5.2309327,1.2405,0.137,0.0097,0.06319567875556228,0.7069097588148505,0.026570779076168026,0.030011140887055494,0.034407913667693794,54.27611289140325,0.039804956593350926,47.5,26.1,
NIC,REGIONAL,False,"Nicolet Bankshares, Inc.",137.28,2917461248,2.2632929142287947,60.65498598831493,1.2911235,0.14496760443344847,0.012891948007873402,0.07749,16.131609,10.329571,0.117,0.465,0.0095999995,0.14490856522428663,0.8525487699816007,0.04978185481514964,0.20101836417264268,0.03798127144992036,-23.008892286976515,0.01991564018241865,55.2,42.5,
WSFS,REGIONAL,False,WSFS Financial Corporation,71.77,3735201024,2.124560922936912,33.78109764947944,1.3997347,0.17718752564873924,0.014600234607792176,0.11468001,12.793225,10.8277645,0.060500003,0.161,0.0099,0.12324167000423487,0.6804039399435405,0.16105477227622092,0.34499424100121245,0.04592106287953162,17.934419394623895,0.01614491350839415,50.7,56.0,
FBLA,REGIONAL,False,"FB Bancorp, Inc.",14.08,227553760,0.7667396670272019,18.363468861068434,0.74461895,0.002080047201790774,0.0005319855727426863,0.00976,82.823524,,,-0.004,,0.23534949976600938,0.8836837487331557,,,0.06288171118110947,25.340512002116622,0.02181576717924414,43.9,57.7,
OCFC,REGIONAL,False,OceanFirst Financial Corp.,18.14,1044865216,0.9135921143422732,19.855688020095947,0.6259057,0.061587031122243764,0.004992334599299494,0.041479997,15.372882,7.632528,0.2378,0.085,0.044099998,0.11468325545659293,0.9913372420516612,0.006061896345344048,0.1575036061583827,0.03460753671177269,4.762326966118863,0.027095230165589932,52.6,36.4,
WASH,REGIONAL,False,"Washington Trust Bancorp, Inc.",33.4,636790784,1.3302058134676926,25.108896429290187,1.1695907,0.11277480628172695,0.007948235908169374,0.098579995,12.189781,9.767939,0.0919,-0.07,0.0671,0.08465031870839652,0.9692626755860484,0.13533634836286126,0.11335074534821739,0.032381880050804196,78.12656844551597,0.030361117818361042,42.8,33.0,
RRBI,REGIONAL,False,"Red River Bancshares, Inc.",91.24,600787648,1.609284279798353,56.69601147873797,1.6074417,0.12619899422958702,0.01364254173803824,0.12562001,13.67916,12.111509,0.039100002,0.094,0.0088,0.111553815813064,0.7584844879469507,0.19125829199784855,,0.03949889215939685,24.715594856255866,0.015249842346690455,44.0,44.4,
PGC,REGIONAL,False,Peapack-Gladstone Financial Corporation,44.22,783506688,1.195082244386517,37.00163750880583,1.156018,0.07239130499332405,0.005932460310145305,0.06644,17.902834,9.265584,0.30040002,0.255,0.0045,0.09081792162972556,0.9339201021391388,0.0874347396046092,0.22624402242584557,0.03398927847547622,58.85369049055671,0.02389511746287329,45.4,52.7,
AMAL,REGIONAL,False,Amalgamated Financial Corp.,42.42,1266972800,1.5960254207323987,26.578524031612183,1.5683229,0.1377737483354632,0.011991904610622713,0.13558,12.331394,9.384955,0.1531,0.047,0.0146,0.08805839170279184,0.6071913665841534,,0.40550671771040747,0.06456822876788634,35.088185422497766,0.015814633222273555,53.9,72.4,
BHRB,REGIONAL,False,Burke & Herbert Financial Services Corp.,64.49,1299460992,1.6444959793618732,39.2156629200301,1.1360674,0.15956242937446322,0.014819367088594817,0.14478,8.364461,7.3145523,0.091800004,0.029,0.0341,0.10904837474524487,0.842780900672982,,0.21588641662975255,0.05384813720508058,15.376067248273825,0.02258260883361772,66.6,54.2,
ATLO,REGIONAL,False,Ames National Corporation,29.81,264033728,1.3580305322388182,21.950905588886805,1.272029,0.11636674754292455,0.010103914047320122,0.1103,12.318181,10.570922,0.0444,0.28,0.0322,0.09688038350760476,0.6776511425286482,0.20937401839593117,0.17708484502191021,0.04877667153190074,194.3266847821587,0.016169981944876056,39.2,56.4,
CASH,REGIONAL,False,"Pathward Financial, Inc.",79.89,1686480640,3.1074541362136348,25.709148549926542,2.0058753,0.3572347858757077,0.026202968052467926,0.22820999,9.499406,8.261634,0.1145,-0.037,0.0025,0.1197151622117938,0.8023410648810191,0.04702899823252323,0.9603291080056107,0.09951118838781639,-175.91864644711353,0.0017388474739090977,68.6,66.9,
SRBK,REGIONAL,False,"SR Bancorp, Inc.",18.72,139176832,0.7545504754676063,24.809473466170612,0.7491595,0.024242881799174148,0.004162151818088042,0.02437,32.275864,22.829268,,0.076,0.0107,0.1613100704009795,0.9605440883780217,2.7985482530937076e-05,0.12440458885882327,0.036379594739789044,-4.224113383819242,0.020494118417430273,38.8,41.6,
FFBC,REGIONAL,False,First Financial Bancorp.,30.85,3237071360,1.9096018876739889,16.155199782284033,1.1008421,0.18129274905746398,0.014000428836806179,0.10245,10.90106,9.001675,0.0461,0.323,0.0324,0.12908906415614,0.7084769773201459,0.04347278500725313,0.22226769297497892,0.055420033051512774,49.935582064862956,0.023373319604859836,56.3,61.0,
MBIN,REGIONAL,False,Merchants Bancorp,47.51,2182391040,1.0428526195804202,45.55773184816384,1.2267293,0.11301499099941943,0.011758330368290834,0.10165,11.587805,8.33996,0.111899994,0.158,0.0093,0.11467020953182157,1.243813868284857,0.03276941953220441,0.03874873154236341,0.030675205387284066,-19.71670622527951,0.05080286032206691,60.5,18.0,
CCB,REGIONAL,False,Coastal Financial Corporation,70.24,1071076224,2.126155354949361,33.03615600642358,2.1251361,0.10346301515268573,0.010362860778723084,0.10335,21.881618,10.027123,0.5689,0.17,,0.0889437163445436,0.7917968945267403,0.0024808305476736675,0.11488636354619687,0.0831959225380084,-19.284476469631635,0.028527192467561524,43.9,38.8,
ORRF,REGIONAL,False,"Orrstown Financial Services, Inc.",37.69,740526016,1.4879502057136886,25.33014872088556,1.225412,0.18403155982586242,0.015429802976371119,0.14895001,8.624714,8.780431,0.014199999,0.054,0.030199999,0.10815618224369783,0.8681335447108369,0.03896756160870092,0.19072987476401557,0.04629070952874962,46.9372874563171,0.022448020037040994,62.0,53.8,
EGBN,REGIONAL,False,"Eagle Bancorp, Inc.",27.27,831615488,0.7261361805911491,37.55493904435313,0.72609633,-0.10721262609655612,-0.011752129962506071,-0.1046,,10.408398,,0.353,0.0072000003,0.11505371407538123,0.796962090084629,0.02566142145273978,0.17327220779517055,0.03720933493147974,53.30496756802895,0.03455492760544084,37.3,41.6,
SFBS,REGIONAL,False,"ServisFirst Bancshares, Inc.",78.15,4271899904,2.2502371008395397,34.72967358454941,2.2341976,0.1671528868801087,0.016556222944248966,0.16549,13.831859,10.904647,0.1221,0.185,0.0194,0.10522298172936237,0.9515777043846199,0.02423207558165803,0.19581324892844057,0.04165781795147199,49.1843553872702,0.030308338384641025,54.9,51.7,
BFC,REGIONAL,False,Bank First Corporation,140.34,1575015296,3.085476325047359,45.48406314472237,1.9210184,0.16523941813922408,0.015344847279770027,0.09977,19.518776,11.665835,0.2176,0.491,0.0139,0.13508835785983653,0.8784099916332732,0.05702525270583536,0.29426993231129256,0.044214052144017205,39.72771872812322,0.018359189926234518,58.6,64.2,
FGBI,REGIONAL,False,"First Guaranty Bancshares, Inc.",9.72,160032496,0.7222953974751875,13.45709807092313,0.81598395,-0.20793446090101256,-0.01199839108026471,-0.19819,,14.953847,0.625,0.945,0.0041,0.05658396450006088,0.519348581229487,0.004587547637488752,0.11739382314234689,0.04498102509079801,65.7082339100442,0.036290746854289894,32.3,40.8,
STEL,REGIONAL,False,"Stellar Bancorp, Inc.",37.59,1914108928,1.7333077105341799,21.686859045019375,1.1466658,0.0985143759250715,0.009871561535012044,0.06413,18.247574,16.01278,0.0868,0.073,0.016,0.15315552177741273,0.8352830825171649,0.035064240713592244,0.35744549382599217,0.056477549346413025,48.249220853128634,0.01917413577138445,38.9,75.0,
KRE,ETF,False,State Street SPDR S&P Regional Banking ETF,70.17,,,,,,,,12.644817,,,,,,,,,,,,,,DATA_THIN
NRIM,REGIONAL,False,"Northrim BanCorp, Inc.",24.8,551670208,2.1502663979825303,11.53345465625487,1.6428193,0.2817009517961314,0.01987457895135873,0.21104999,8.611111,9.018182,0.0577,0.062,0.025799999,0.10009484611798594,0.8403905564374862,0.003023927928873161,0.28758456732084187,0.05666798888675391,20.000779133773765,0.015070112694401457,60.0,72.1,
FRST,REGIONAL,False,Primis Financial Corp.,15.0,371581088,1.128468806088454,13.29234793117023,0.8698173,0.15512143931061623,0.01162980059301165,0.1149,8.02139,7.8260736,0.2156,-0.227,0.026700001,0.10035971797659578,1.0438495909367773,0.002677211377537548,0.1580945731384008,0.03590542278344269,22.23632911359137,0.026732291937856114,65.7,43.1,
OBK,REGIONAL,False,"Origin Bancorp, Inc.",48.06,1485250688,1.3505729277933727,35.58489809100691,1.177566,0.07607413993467449,0.008189962766550067,0.06595,18.627909,11.308235,0.0766,0.093,0.0208,0.12370015578892485,0.8871520378316424,0.03680228705051676,0.23560060062117788,0.04285548676374368,28.8556392817621,0.023525213697093324,38.1,57.5,
NBN,REGIONAL,False,Northeast Bank,119.29,1020568896,1.7997546898035481,66.28125525986049,1.7978358,0.19091965460491195,0.021701061745920593,0.19002001,10.213184,8.226896,0.1983,0.346,0.00029999999,0.11276384081670274,1.2323070261375704,0.0015160616722446295,0.04673528921190157,0.055977712930618276,71.73055824995403,0.04164586701956208,69.8,53.1,
CARE,REGIONAL,False,"Carter Bankshares, Inc.",28.54,634216192,1.2612808682768701,22.627791095404962,1.2526335,0.25317717861670314,0.022557433073143382,0.2386,5.86037,11.119467,-0.5299,2.6,0.0139999995,0.1052039164289569,0.868024083584204,0.06599503674517167,0.15062463845109497,0.0357513234946821,26.114605473192,0.02343112685161975,62.3,34.2,
RBKB,REGIONAL,False,"Rhinebeck Bancorp, Inc.",16.38,181827200,1.3339437564926488,12.27937828733356,1.2848066,0.0765197295530505,0.0077516608203407064,0.07538,17.999998,,,0.012,,0.10790377525455942,0.8488969562081102,0.04591992789915221,0.20450624019023247,0.04779925508486246,40.18184239616467,0.020561782271973653,43.5,57.4,
HAFC,REGIONAL,False,Hanmi Financial Corporation,30.43,905792640,1.1440285555416625,26.598986408684816,1.1210994,0.10549291693764903,0.010339779501973885,0.10419,11.354478,8.89766,0.08229999,0.146,0.0368,0.10241048001288902,0.952843725176903,0.08683203076017572,0.2986113623136237,0.03850165048079223,52.095126096624035,0.025231511993329188,49.7,60.2,
GBCI,REGIONAL,False,"Glacier Bancorp, Inc.",47.15,6136226304,2.2154472417687394,21.282384482492574,1.4441041,0.10698343346661252,0.008911059825711911,0.07075,22.03271,12.929605,0.1528,0.397,0.027999999,0.13387811249747197,0.8414700731403862,0.007670491303324924,0.8443444717661005,0.05102359782290808,75.50580159928023,0.017647107866264066,39.2,84.4,
LOB,REGIONAL,False,"Live Oak Bancshares, Inc.",37.41,1730676096,1.3546136298465266,27.616730834340146,1.4643024,0.10849562884545877,0.008699719589604651,0.10887,14.278626,9.058111,0.32799998,0.335,0.0032,0.08350413361853533,0.896291869538964,0.07992525244880191,0.03692915490488005,0.03851535251305417,52.66633111466301,0.035104002078863855,50.1,30.3,
MSBI,REGIONAL,False,"Midland States Bancorp, Inc.",28.53,591421184,1.1134100784479837,25.623982171751884,1.3242666,0.06529783173902562,0.005115001696464893,0.0622,23.775,9.109196,,0.143,0.044899996,0.08536303580212655,0.7787174312375197,0.04386448121347051,0.1863594694697694,0.05077221212433387,54.89967169062609,0.024442711193150942,40.7,53.2,
WSBC,REGIONAL,False,"WesBanco, Inc.",34.39,3307649280,1.4091756336743464,24.404339088896965,0.8676455,0.13663911728368763,0.011647703442489714,0.08169,10.54908,8.6980715,0.1021,1.077,0.0442,0.14811660748648547,0.8737169836416135,0.11339081606792406,0.2410452258449381,0.0390782067123221,97.73651255129933,0.02209570342870866,62.0,64.7,
RBB,REGIONAL,False,RBB Bancorp,24.0,406461312,0.8871872983721347,27.051784943310913,0.771729,0.09181110735519991,0.009888220473275852,0.078660004,10.169492,9.811937,0.048,0.61,0.026600001,0.12659573250630854,0.9825389145251752,0.0866199271775681,0.15775458069801226,0.03625464183868311,60.87137039798351,0.033247927492662456,46.6,40.5,
BCBP,REGIONAL,False,"BCB Bancorp, Inc.",11.24,195161872,0.6349205695881319,17.703001821615736,0.6915646,0.0022459684705755704,0.00020917991268872222,0.00225,,9.113538,0.0963,6.506,0.0427,0.09402596496830776,0.9938452995383601,0.043618161223114515,0.1950719738485101,0.03264092092648646,37.19918765461339,0.028134509679869066,38.9,42.1,
OPHC,REGIONAL,False,"OptimumBank Holdings, Inc.",5.5,67476000,0.5319437161011604,10.339439744324487,0.52752733,0.14907245326367902,0.016030180599409822,0.14852999,9.322034,5.1886797,0.081599995,0.312,,0.09997990124021171,0.9868695917129281,0.021315719988807748,0.27897496804323973,0.04772168740847539,14.179202536444071,0.023801299386185387,73.8,61.4,
FBNC,REGIONAL,False,First Bancorp,59.27,2452320768,2.063869525725563,28.717900652737896,1.4571247,0.10991399776295598,0.009564688665405914,0.07602,20.228668,11.667323,0.0832,0.139,0.0162,0.12998027299603157,0.7882210578667863,0.014177229776268186,0.3265956460500325,0.04833845038162944,27.504809862124723,0.01424688548060462,37.2,70.7,
STT,MONEY_CENTER,False,State Street Corporation,161.75,44767068160,2.3877042822417196,67.7428947977341,1.8590244,0.16563628110071119,0.008157271122674711,0.11261,16.42132,11.708262,0.107,-0.028,0.0208,0.07074063213188327,0.16711608673864206,0.1577218772710466,0.1351430587609642,0.03012401352874859,-26.10261182419575,0.02955580743814025,59.5,25.0,
ASRV,REGIONAL,False,"AmeriServ Financial, Inc.",3.74,63446364,0.5927295015928475,6.309792223855001,0.52565,0.05412376208383375,0.0037822200709995216,0.047509998,11.333333,,,0.03,0.0323,0.08196290506799289,0.8018236938462144,0.12042611502769829,0.12767589275168315,0.04253463697465127,95.66473113150093,0.022983191667506942,42.5,45.9,
CHYM,FINTECH,False,"Chime Financial, Inc.",17.48,6660214272,4.313124324056721,4.052746613981008,4.6402974,-0.7298134939222799,-0.5259564798261068,-0.80003,,15.2,,0.248,,0.7390558674885908,,,,,,,20.5,50.0,
SOFI,FINTECH,False,"SoFi Technologies, Inc.",16.03,20562343936,2.3273475589458723,6.887669157270383,1.8999645,0.0860580769219754,0.01262364453224353,0.06597,35.622223,20.544962,0.346,0.425,,0.20133969709035998,1.0479613232681697,0.0034054549777015114,0.003056405488926351,0.06544467011809071,-28.78188080702615,0.035797745503712834,66.8,41.5,
BK,MONEY_CENTER,False,Bank of New York Mellon Corp,137.16,94143750144,4.178780400372852,32.8229738963459,2.3863044,0.2742959690778575,0.012338544320854314,0.13472,17.01737,14.225132,0.0943,0.134,0.0153,0.07975359606209607,0.2422173204181452,0.11081587912743514,0.30610194686870623,0.03356835263921984,-41.98852783095071,0.058683615832357795,57.5,55.0,
PBHC,REGIONAL,False,"Pathfinder Bancorp, Inc.",13.865,86746312,0.5966069540336387,23.23975593354925,0.70039403,-0.021922961973242384,-0.0017032396519654457,-0.02007,,,,-0.042,0.028800001,0.08690897634428565,0.7195812258041622,0.004365034156550505,0.17052933540310647,0.046876192146381626,-34.73918625641545,0.025749043355494158,37.7,38.6,
RKT,FINTECH,False,"Rocket Companies, Inc.",12.65,35792285696,,,1.539866,,0.00571835069315226,0.01729,,11.650502,0.465,1.671,,0.3908208415350191,,0.0007234307441242282,,0.040640473281461,24.68088242836869,,63.8,58.5,
GS,MONEY_CENTER,False,"The Goldman Sachs Group, Inc.",1038.68,306418319360,2.6584965126173867,390.702035932852,2.9154212,0.1542046104345006,0.009789057407176244,0.14548,18.97479,15.884778,0.104899995,0.145,0.0173,0.059597705054898115,0.45050003296137464,0.07694715995689697,,0.034567084939738535,-20.144669646818965,0.13534596064349566,33.0,70.0,
GCBC,REGIONAL,True,"Greene County Bancorp, Inc.",27.62,470243872,1.7573101527319475,15.717202769847672,1.7574447,0.15708376646748534,0.012638918942732419,0.15713,12.061136,,,0.234,0.0145000005,0.08411818977698352,0.6225036554743388,0.005841903333852013,0.039344589861910716,0.04628465659965068,66.58817795490094,0.020461855870895315,49.9,49.6,
CURR,FINTECH,False,CURRENC Group Inc.,3.18,357056416,,,,,-0.180378971634027,,,-12.72,,-0.218,,-0.049692253976722535,,,,,,,48.8,50.0,
MCB,REGIONAL,True,Metropolitan Bank Holding Corp.,90.85,1126067328,1.1874101006602067,76.51105540494129,1.1871471,0.11092074386537618,0.01055890591452391,0.10221,11.229913,7.674127,0.1385,0.374,0.011,0.10722814379355151,0.8998357692314153,0.006128136602336195,0.19891587795370866,0.0489602451973122,94.7888329318211,0.029529565325724167,60.1,63.7,
FFIC,REGIONAL,False,Flushing Financial Corporation,15.47,524179680,0.7523620868020072,20.561907984700337,0.7516276,0.04924357339188889,0.003902579739896775,0.049289998,15.47,9.020408,0.2163,0.023,0.056799997,0.07868891820226205,0.8597290798307422,,0.13132955727332163,0.033861177091580895,23.902635164105984,0.03282386483073345,47.1,26.8,
BOKF,REGIONAL,True,BOK Financial Corporation,129.22,7851406336,1.7207648747704778,75.09451284983712,1.3144404,0.1364060824441678,0.011914447044077693,0.104499996,13.065722,12.217792,0.044099998,0.103,0.0195,0.11110732889754085,0.6726094245869023,0.03198880291173402,0.19893785585704474,0.04940514406035737,-3.0994614316377787,0.030417751066540624,39.9,40.8,
UVSP,REGIONAL,True,Univest Financial Corporation,40.57,1129704192,1.4693293904328113,27.611235618209164,1.2109725,0.12786303408877195,0.011621933088815024,0.10288999,12.21988,10.780346,0.0377,0.121,0.0227,0.11692445030953444,0.9738122679054144,0.04561287965901467,0.21659852272525476,0.0361740149089006,31.797174817044596,0.02715948081710512,44.2,47.8,
EWBC,REGIONAL,True,"East West Bancorp, Inc.",125.94,17253308416,2.0217762997036,62.29175800431693,1.9169242,0.17286114073950212,0.017526626815039078,0.16454001,12.581419,11.144571,0.060700003,0.141,0.0254,0.10857585715886534,0.8312946884233364,0.1630703160161181,0.25364294647578617,0.037915832724074665,12.08136927496363,0.02560673449210502,54.9,41.1,
ONB,REGIONAL,True,Old National Bancorp,23.96,9257496576,1.6460014074805565,14.556488160404584,1.1178501,0.14570488135083587,0.011111077604140259,0.1008,12.350514,8.242996,0.111499995,0.462,0.0242,0.1165800540585848,0.883984709714345,0.15010876796789202,0.23219906599441104,0.038062451422549826,-48.37291567216191,0.024392046280017517,58.5,39.9,
WAFD,REGIONAL,True,"WaFd, Inc.",35.57,2628213248,1.0364548680244121,34.318908712156485,0.9962748,0.09797352660891906,0.009280201290686333,0.083900005,11.662295,10.36271,0.061100002,0.092,0.0304,0.1081398037671954,0.9452206150202203,0.03129764333103544,,0.034099188850446674,47.66964081131926,0.028976825525072608,43.8,45.6,
