Sl. No.,Country Name,Country Code,Name of Entity,Address of Entity,Zip Code,Nature of Entity,Date of Acquisition,Initial Value (USD),Rate on Acquisition Date,Initial Value of Investment (INR),Peak Value (USD),Peak Date,Rate on Peak Date,Peak Value During Year (INR),Closing Value (USD),Closing Rate Date,Rate on Closing Date,Closing Value of Investment (INR),Total Gross Income/Dividends (USD),Avg Rate on Dividend Dates,Total Gross Income (Dividends) (INR),Total Gross Proceeds (USD),Avg Rate on Sale Dates,Total Gross Proceeds from Sale (INR)
1,United States,US,ABIVAX SA-ADR,,,Listed Company,22/07/2025,600.0,85.85,51510.0,713.5,23/07/2025,86.0,61361.0,0.0,N/A,N/A,0.0,0.0,N/A,0.0,690.2,85.9,59288.18
2,United States,US,ABIVAX SA-ADR,,,Listed Company,23/07/2025,5616.2,86.0,482993.2,7848.5,23/07/2025,86.0,674970.99,0.0,N/A,N/A,0.0,0.0,N/A,0.0,7665.1,85.9,658432.09
3,United States,US,ABIVAX SA-ADR,,,Listed Company,10/12/2025,681.5,89.45,60960.18,689.85,11/12/2025,89.95,62052.01,0.0,N/A,N/A,0.0,0.0,N/A,0.0,580.85,89.35,51898.95
4,United States,US,ACM RESEARCH INC-CLASS A,,,Listed Company,28/07/2025,1540.0,86.05,132517.0,1600.0,28/07/2025,86.05,137680.0,0.0,N/A,N/A,0.0,0.0,N/A,0.0,1575.0,86.4,136080.0
5,United States,US,AFFIRM HOLDINGS INC,,,Listed Company,01/08/2025,6564.0,86.95,570739.8,6730.2,01/08/2025,86.95,585190.91,0.0,N/A,N/A,0.0,0.0,N/A,0.0,7331.1,87.1799,639124.4
6,United States,US,ASTERA LABS INC,,,Listed Company,21/11/2025,4290.3,88.95,381622.18,4548.24,24/11/2025,88.75,403656.3,0.0,N/A,N/A,0.0,0.0,N/A,0.0,4570.54,88.9922,406742.3
7,United States,US,AMKOR TECHNOLOGY INC,,,Listed Company,09/09/2025,2530.0,87.6,221628.0,2600.0,15/09/2025,87.85,228410.0,0.0,N/A,N/A,0.0,0.0,N/A,0.0,2741.0,87.65,240248.65
8,United States,US,AMKOR TECHNOLOGY INC,,,Listed Company,10/09/2025,2500.5,87.75,219418.88,2822.0,16/09/2025,87.65,247348.29,0.0,N/A,N/A,0.0,0.0,N/A,0.0,2616.0,87.45,228769.2
9,United States,US,AMKOR TECHNOLOGY INC,,,Listed Company,22/09/2025,14738.5,87.8,1294040.3,14995.0,22/09/2025,87.8,1316560.99,0.0,N/A,N/A,0.0,0.0,N/A,0.0,14826.6,88.2,1307706.12
10,United States,US,AMKOR TECHNOLOGY INC,,,Listed Company,17/10/2025,1547.5,87.4,135251.5,1637.5,20/10/2025,87.5,143281.25,0.0,N/A,N/A,0.0,0.0,N/A,0.0,1599.5,87.5,139956.25
11,United States,US,AMPRIUS TECHNOLOGIES INC,,,Listed Company,08/09/2025,3831.25,87.6,335617.5,4049.4,08/09/2025,87.6,354727.44,0.0,N/A,N/A,0.0,0.0,N/A,0.0,3805.62,87.6,333372.31
12,United States,US,AMPRIUS TECHNOLOGIES INC,,,Listed Company,10/09/2025,23176.5,87.75,2033737.88,25410.0,11/09/2025,87.75,2229727.57,0.0,N/A,N/A,0.0,0.0,N/A,0.0,27614.18,87.7308,2422614.44
13,United States,US,AMPRIUS TECHNOLOGIES INC,,,Listed Company,13/10/2025,2674.0,88.35,236247.9,2781.0,13/10/2025,88.35,245701.35,0.0,N/A,N/A,0.0,0.0,N/A,0.0,2471.32,88.34,218316.41
14,United States,US,AMAZON.COM INC,,,Listed Company,29/09/2025,22080.0,88.25,1948560.0,22260.0,29/09/2025,88.25,1964445.05,0.0,N/A,N/A,0.0,0.0,N/A,0.0,21830.3,88.4,1929798.52
15,United States,US,AMAZON.COM INC,,,Listed Company,09/10/2025,4485.3,88.35,396276.25,4564.2,09/10/2025,88.35,403247.08,0.0,N/A,N/A,0.0,0.0,N/A,0.0,4536.9,88.37,400925.85
16,United States,US,AMAZON.COM INC,,,Listed Company,16/10/2025,15276.1,87.4,1335131.14,15301.3,16/10/2025,87.4,1337333.6,0.0,N/A,N/A,0.0,0.0,N/A,0.0,15806.14,87.735,1386752.07
17,United States,US,AMAZON.COM INC,,,Listed Company,23/12/2025,6909.0,89.25,616628.25,6989.7,31/12/2025,89.47,625368.47,6924.6,31/12/2025,89.47,619543.96,0.0,N/A,0.0,0.0,N/A,0.0
18,United States,US,APPLOVIN CORP-CLASS A,,,Listed Company,09/07/2025,3609.59,85.45,308439.89,3626.4,09/07/2025,85.45,309875.89,0.0,N/A,N/A,0.0,0.0,N/A,0.0,3483.55,85.5019,297850.22
19,United States,US,AURORA INNOVATION INC,,,Listed Company,15/08/2025,1289.6,87.1,112324.16,1316.0,15/08/2025,87.1,114623.6,0.0,N/A,N/A,0.0,0.0,N/A,0.0,1220.7,86.8305,105993.96
20,United States,US,ALIBABA GROUP HOLDING-SP ADR,,,Listed Company,18/08/2025,3665.4,87.05,319073.07,3694.5,18/08/2025,87.05,321606.23,0.0,N/A,N/A,0.0,0.0,N/A,0.0,3544.05,86.6,306914.73
21,United States,US,ALIBABA GROUP HOLDING-SP ADR,,,Listed Company,02/09/2025,10892.0,87.7,955228.4,11106.4,02/09/2025,87.7,974031.29,0.0,N/A,N/A,0.0,0.0,N/A,0.0,10921.6,87.7,957824.32
22,United States,US,BAUSCH HEALTH COS INC,,,Listed Company,15/08/2025,2366.0,87.1,206078.6,2607.0,15/08/2025,87.1,227069.69,0.0,N/A,N/A,0.0,0.0,N/A,0.0,2385.7,87.05,207675.18
23,United States,US,BUILDERS FIRSTSOURCE INC,,,Listed Company,03/07/2025,1266.0,84.9,107483.4,1284.4,03/07/2025,84.9,109045.56,0.0,N/A,N/A,0.0,0.0,N/A,0.0,1255.67,85.4,107234.22
24,United States,US,BUILDERS FIRSTSOURCE INC,,,Listed Company,11/07/2025,2676.8,85.4,228598.72,2680.0,11/07/2025,85.4,228872.0,0.0,N/A,N/A,0.0,0.0,N/A,0.0,2554.0,85.5509,218497.0
25,United States,US,BUILDERS FIRSTSOURCE INC,,,Listed Company,16/07/2025,2545.0,85.6,217852.0,2546.6,16/07/2025,85.6,217988.96,0.0,N/A,N/A,0.0,0.0,N/A,0.0,2508.0,85.5,214434.0
26,United States,US,BUILDERS FIRSTSOURCE INC,,,Listed Company,22/07/2025,1297.6,85.85,111398.96,1384.5,28/07/2025,86.05,119136.22,0.0,N/A,N/A,0.0,0.0,N/A,0.0,1334.3,86.4,115283.52
27,United States,US,BUILDERS FIRSTSOURCE INC,,,Listed Company,25/07/2025,1335.1,86.15,115018.87,1384.5,28/07/2025,86.05,119136.22,0.0,N/A,N/A,0.0,0.0,N/A,0.0,1334.3,86.4,115283.52
28,United States,US,BITMINE IMMERSION TECHNOLOGI,,,Listed Company,02/12/2025,3171.0,89.3,283170.3,3281.0,02/12/2025,89.3,292993.31,0.0,N/A,N/A,0.0,0.0,N/A,0.0,3253.1,89.7,291803.07
29,United States,US,NO NAME,,,Listed Company,01/07/2025,4889.5,85.2,416585.4,No price data,No price data,N/A,No price data,0.0,N/A,N/A,0.0,0.0,N/A,0.0,4791.25,85.8022,411099.59
30,United States,US,NO NAME,,,Listed Company,07/07/2025,4850.0,85.4,414190.0,No price data,No price data,N/A,No price data,0.0,N/A,N/A,0.0,0.0,N/A,0.0,4832.6,86.05,415845.23
31,United States,US,NO NAME,,,Listed Company,11/07/2025,2375.88,85.4,202899.73,No price data,No price data,N/A,No price data,0.0,N/A,N/A,0.0,0.0,N/A,0.0,2416.3,86.05,207922.62
32,United States,US,NO NAME,,,Listed Company,22/07/2025,4779.94,85.85,410357.68,No price data,No price data,N/A,No price data,0.0,N/A,N/A,0.0,0.0,N/A,0.0,4832.6,86.05,415845.23
33,United States,US,NO NAME,,,Listed Company,25/07/2025,3372.81,86.15,290567.58,No price data,No price data,N/A,No price data,0.0,N/A,N/A,0.0,0.0,N/A,0.0,3382.82,86.05,291091.66
34,United States,US,NO NAME,,,Listed Company,19/08/2025,8231.0,86.6,712804.6,No price data,No price data,N/A,No price data,0.0,N/A,N/A,0.0,0.0,N/A,0.0,8279.23,86.662,717494.33
35,United States,US,NO NAME,,,Listed Company,15/12/2025,3514.0,90.3,317314.2,No price data,No price data,N/A,No price data,0.0,N/A,N/A,0.0,0.0,N/A,0.0,3472.0,89.35,310223.2
36,United States,US,BIT DIGITAL INC,,,Listed Company,07/08/2025,3595.9,87.3,313922.07,3640.0,07/08/2025,87.3,317772.01,0.0,N/A,N/A,0.0,0.0,N/A,0.0,3103.42,87.1,270307.88
37,United States,US,BRIGHTSPRING HEALTH SERVICES,,,Listed Company,04/11/2025,3351.0,88.09,295189.59,3382.5,04/11/2025,88.09,297964.43,0.0,N/A,N/A,0.0,0.0,N/A,0.0,3267.25,88.16,288040.76
38,United States,US,BRIGHTSPRING HEALTH SERVICES,,,Listed Company,06/11/2025,16315.0,88.16,1438330.4,17210.0,12/11/2025,88.2,1517921.92,0.0,N/A,N/A,0.0,0.0,N/A,0.0,16330.0,88.25,1441122.5
39,United States,US,WEBULL CORP,,,Listed Company,19/09/2025,9309.22,87.8,817349.52,10367.0,25/09/2025,88.3,915406.13,0.0,N/A,N/A,0.0,0.0,N/A,0.0,10118.5,88.35,893969.47
40,United States,US,WEBULL CORP,,,Listed Company,17/10/2025,3414.0,87.4,298383.6,3454.5,17/10/2025,87.4,301923.31,0.0,N/A,N/A,0.0,0.0,N/A,0.0,3274.5,87.5,286518.75
41,United States,US,WEBULL CORP,,,Listed Company,27/10/2025,2347.0,87.8,206066.6,2394.0,27/10/2025,87.8,210193.2,0.0,N/A,N/A,0.0,0.0,N/A,0.0,2277.0,87.9,200148.3
42,United States,US,CITIGROUP INC,,,Listed Company,05/09/2025,9650.0,87.7,846305.0,9798.0,05/09/2025,87.7,859284.63,0.0,N/A,N/A,0.0,0.0,N/A,0.0,9514.0,87.6,833426.4
43,United States,US,CATERPILLAR INC,,,Listed Company,14/08/2025,13762.12,87.1,1198680.65,13834.92,14/08/2025,87.1,1205021.5,0.0,N/A,N/A,0.0,0.0,N/A,0.0,13622.1,87.1,1186484.91
44,United States,US,CAMECO CORP,,,Listed Company,06/11/2025,9034.0,88.16,796437.44,9467.0,06/11/2025,88.16,834610.7,0.0,N/A,N/A,0.0,0.0,N/A,0.0,9121.8,88.25,804998.85
45,United States,US,COGENT COMMUNICATIONS HOLDIN,,,Listed Company,28/10/2025,6599.5,87.9,580096.05,6646.5,29/10/2025,87.8,583562.72,0.0,N/A,N/A,0.0,0.0,N/A,0.0,5979.0,88.2,527347.8
46,United States,US,COGENT COMMUNICATIONS HOLDIN,,,Listed Company,29/10/2025,2185.0,87.8,191843.0,2215.5,29/10/2025,87.8,194520.91,0.0,N/A,N/A,0.0,0.0,N/A,0.0,1993.0,88.2,175782.6
47,United States,US,COGENT COMMUNICATIONS HOLDIN,,,Listed Company,31/10/2025,4075.0,88.2,359415.0,4153.0,31/10/2025,88.2,366294.59,0.0,N/A,N/A,0.0,0.0,N/A,0.0,3972.0,88.36,350965.92
48,United States,US,COGENT COMMUNICATIONS HOLDIN,,,Listed Company,05/11/2025,7962.0,88.09,701372.58,8030.0,05/11/2025,88.09,707362.73,0.0,N/A,N/A,0.0,0.0,N/A,0.0,7360.2,88.16,648875.23
49,United States,US,CITIZENS FINANCIAL GROUP,,,Listed Company,17/10/2025,4945.93,87.4,432274.28,5292.0,27/10/2025,87.8,464637.58,0.0,N/A,N/A,0.0,0.0,N/A,0.0,5112.0,87.9,449344.8
50,United States,US,CIPHER MINING INC,,,Listed Company,27/06/2025,4375.0,85.1,372312.5,4540.0,27/06/2025,85.1,386354.0,0.0,N/A,N/A,0.0,0.0,N/A,0.0,5246.4,85.2808,447417.09
51,United States,US,CENTURY CASINOS INC,,,Listed Company,07/08/2025,2440.0,87.3,213012.0,2600.0,07/08/2025,87.3,226979.99,0.0,N/A,N/A,0.0,0.0,N/A,0.0,2132.08,87.1,185704.17
52,United States,US,COMPASS DIVERSIFIED HOLDINGS,,,Listed Company,13/10/2025,4500.0,88.35,397575.0,4620.0,13/10/2025,88.35,408176.99,0.0,N/A,N/A,0.0,0.0,N/A,0.0,4061.0,87.4,354931.4
53,United States,US,GLOBAL X COPPER MINERS ETF,,,ETF,02/12/2025,6492.0,89.3,579735.6,7304.0,22/12/2025,89.35,652612.41,2153.7,31/12/2025,89.47,192691.54,0.0,N/A,0.0,5130.57,89.3228,458276.87
54,United States,US,INVESCO CHINA TECHNOLOGY ETF,,,ETF,02/09/2025,5216.0,87.7,457443.2,5241.0,02/09/2025,87.7,459635.7,0.0,N/A,N/A,0.0,0.0,N/A,0.0,4996.5,87.7,438193.05
55,United States,US,INVESCO CHINA TECHNOLOGY ETF,,,ETF,03/09/2025,3104.4,87.7,272255.88,3114.0,03/09/2025,87.7,273097.81,0.0,N/A,N/A,0.0,0.0,N/A,0.0,2992.8,87.7,262468.56
56,United States,US,CREDO TECHNOLOGY GROUP HOLDI,,,Listed Company,12/06/2025,3663.25,85.05,311559.41,No price data,No price data,N/A,No price data,0.0,N/A,N/A,0.0,0.0,N/A,0.0,4654.28,85.1599,396357.83
57,United States,US,CANADIAN SOLAR INC,,,Listed Company,17/12/2025,1179.0,89.65,105697.35,1409.5,22/12/2025,89.35,125938.83,0.0,N/A,N/A,0.0,0.0,N/A,0.0,1248.0,89.25,111384.0
58,United States,US,CANADIAN SOLAR INC,,,Listed Company,19/12/2025,1237.5,89.35,110570.62,1409.5,22/12/2025,89.35,125938.83,1188.5,31/12/2025,89.47,106335.1,0.0,N/A,0.0,0.0,N/A,0.0
59,United States,US,CLEARWAY ENERGY INC-C,,,Listed Company,06/11/2025,10485.0,88.16,924357.6,10725.0,10/11/2025,88.25,946481.25,0.0,N/A,N/A,0.0,0.0,N/A,0.0,10478.0,88.25,924683.5
60,United States,US,DEERE & CO,,,Listed Company,02/10/2025,13797.93,88.4,1219737.01,13998.9,08/10/2025,88.3,1236102.88,0.0,N/A,N/A,0.0,0.0,N/A,0.0,13736.3,88.3634,1213785.67
61,United States,US,DEERE & CO,,,Listed Company,24/10/2025,14194.8,87.4,1240625.52,14490.0,27/10/2025,87.8,1272222.0,0.0,N/A,N/A,0.0,0.0,N/A,0.0,14227.5,87.8667,1250123.58
62,United States,US,DR HORTON INC,,,Listed Company,03/09/2025,8606.0,87.7,754746.2,8692.0,03/09/2025,87.7,762288.38,0.0,N/A,N/A,0.0,0.0,N/A,0.0,8847.7,87.7,775943.29
63,United States,US,ESTEE LAUDER COMPANIES- CL A,,,Listed Company,10/06/2025,5291.25,85.2,450814.5,No price data,No price data,N/A,No price data,0.0,N/A,N/A,0.0,0.0,N/A,0.0,6027.0,85.1,512897.7
64,United States,US,ESTEE LAUDER COMPANIES- CL A,,,Listed Company,11/06/2025,1756.75,85.1,149499.42,No price data,No price data,N/A,No price data,0.0,N/A,N/A,0.0,0.0,N/A,0.0,2009.0,85.1,170965.9
65,United States,US,EQUINIX INC,,,Listed Company,30/10/2025,14315.06,88.2,1262588.29,14515.11,30/10/2025,88.2,1280232.73,0.0,N/A,N/A,0.0,0.0,N/A,0.0,14181.49,88.2,1250807.42
66,United States,US,EQUINIX INC,,,Listed Company,03/11/2025,16528.0,88.36,1460414.08,16920.0,03/11/2025,88.36,1495051.2,0.0,N/A,N/A,0.0,0.0,N/A,0.0,16220.4,88.09,1428855.04
67,United States,US,EQUINIX INC,,,Listed Company,05/11/2025,8220.8,88.09,724170.27,8292.8,05/11/2025,88.09,730512.78,0.0,N/A,N/A,0.0,0.0,N/A,0.0,8162.2,88.16,719579.55
68,United States,US,EQT CORP,,,Listed Company,27/06/2025,5811.0,85.1,494516.1,5860.0,15/07/2025,85.55,501322.99,0.0,N/A,N/A,0.0,0.0,N/A,0.0,5793.07,85.6703,496293.88
69,United States,US,EQT CORP,,,Listed Company,11/07/2025,1637.4,85.4,139833.96,1809.3,16/07/2025,85.6,154876.08,0.0,N/A,N/A,0.0,0.0,N/A,0.0,1548.6,86.05,133257.03
70,United States,US,EQT CORP,,,Listed Company,23/07/2025,1560.6,86.0,134211.6,1635.9,24/07/2025,85.9,140523.81,0.0,N/A,N/A,0.0,0.0,N/A,0.0,1574.54,86.2859,135860.53
71,United States,US,FIRST HORIZON CORP,,,Listed Company,20/10/2025,3057.18,87.5,267503.25,3177.0,27/10/2025,87.8,278940.6,0.0,N/A,N/A,0.0,0.0,N/A,0.0,3155.25,87.9,277346.48
72,United States,US,FISERV INC,,,Listed Company,09/07/2025,5625.84,85.45,480728.03,No price data,No price data,N/A,No price data,0.0,N/A,N/A,0.0,0.0,N/A,0.0,5587.56,85.2,476060.11
73,United States,US,FOSSIL GROUP INC,,,Listed Company,15/10/2025,10511.0,87.7,921814.7,13200.0,15/10/2025,87.7,1157640.03,0.0,N/A,N/A,0.0,0.0,N/A,0.0,6267.48,87.4,547777.75
74,United States,US,SHIFT4 PAYMENTS INC- CLASS A,,,Listed Company,28/11/2025,1479.0,89.0,131631.0,1506.9,28/11/2025,89.0,134114.1,0.0,N/A,N/A,0.0,0.0,N/A,0.0,1332.6,90.3,120333.78
75,United States,US,SHIFT4 PAYMENTS INC- CLASS A,,,Listed Company,02/12/2025,1471.6,89.3,131413.88,1475.6,02/12/2025,89.3,131771.08,0.0,N/A,N/A,0.0,0.0,N/A,0.0,1309.32,89.8334,117620.73
76,United States,US,VANECK GOLD MINERS ETF,,,ETF,08/09/2025,3297.5,87.6,288861.0,3397.0,09/09/2025,87.6,297577.21,0.0,N/A,N/A,0.0,18.99,89.45,1698.66,3370.3,87.75,295743.83
77,United States,US,VANECK GOLD MINERS ETF,,,ETF,09/09/2025,13453.0,87.6,1178482.8,13588.0,09/09/2025,87.6,1190308.84,0.0,N/A,N/A,0.0,0.0,N/A,0.0,13481.2,87.75,1182975.3
78,United States,US,VANECK GOLD MINERS ETF,,,ETF,17/09/2025,4177.7,87.45,365339.86,4195.8,17/09/2025,87.45,366922.71,0.0,N/A,N/A,0.0,0.0,N/A,0.0,4107.6,87.55,359620.38
79,United States,US,VANECK GOLD MINERS ETF,,,ETF,04/12/2025,4065.0,89.6,364224.0,4425.0,12/12/2025,89.95,398028.75,0.0,N/A,N/A,0.0,0.0,N/A,0.0,4212.5,90.6,381652.5
80,United States,US,VANECK GOLD MINERS ETF,,,ETF,08/12/2025,3988.75,89.65,357591.44,4425.0,12/12/2025,89.95,398028.75,1286.55,31/12/2025,89.47,115107.63,0.0,N/A,0.0,3026.75,90.004,272419.48
81,United States,US,GENIUS SPORTS LTD,,,Listed Company,02/09/2025,2547.52,87.7,223417.07,2574.0,02/09/2025,87.7,225739.8,0.0,N/A,N/A,0.0,0.0,N/A,0.0,2654.4,87.7,232790.88
82,United States,US,GENIUS SPORTS LTD,,,Listed Company,05/09/2025,5350.86,87.7,469270.42,5492.0,05/09/2025,87.7,481648.38,0.0,N/A,N/A,0.0,0.0,N/A,0.0,5288.28,87.6,463253.33
83,United States,US,GE VERNOVA INC,,,Listed Company,23/09/2025,25067.43,88.2,2210947.33,25788.84,23/09/2025,88.2,2274575.72,0.0,N/A,N/A,0.0,0.0,N/A,0.0,24372.13,88.25,2150840.09
84,United States,US,GE VERNOVA INC,,,Listed Company,26/09/2025,18069.9,88.35,1596475.67,18454.2,26/09/2025,88.35,1630428.61,0.0,N/A,N/A,0.0,0.0,N/A,0.0,18279.09,88.25,1613130.07
85,United States,US,GLOBE LIFE INC,,,Listed Company,29/07/2025,7077.0,86.4,611452.8,7200.0,31/07/2025,87.15,627480.0,0.0,N/A,N/A,0.0,0.0,N/A,0.0,6935.0,87.15,604385.25
86,United States,US,GLOBE LIFE INC,,,Listed Company,31/07/2025,13336.3,87.15,1162258.54,13680.0,31/07/2025,87.15,1192212.0,0.0,N/A,N/A,0.0,0.0,N/A,0.0,13162.55,87.1421,1147012.75
87,United States,US,CORNING INC,,,Listed Company,28/10/2025,8528.0,87.9,749611.2,8725.0,28/10/2025,87.9,766927.5,0.0,N/A,N/A,0.0,0.0,N/A,0.0,8880.6,88.1189,782548.36
88,United States,US,CORNING INC,,,Listed Company,31/10/2025,8873.0,88.2,782598.6,9257.0,31/10/2025,88.2,816467.4,0.0,N/A,N/A,0.0,0.0,N/A,0.0,8814.0,88.36,778805.04
89,United States,US,GAMESTOP CORP-CLASS A,,,Listed Company,17/12/2025,2315.5,89.65,207584.58,2317.0,17/12/2025,89.65,207719.05,0.0,N/A,N/A,0.0,0.0,N/A,0.0,2239.0,89.35,200054.65
90,United States,US,ALPHABET INC-CL A,,,Listed Company,25/06/2025,4247.5,85.6,363586.0,4342.25,26/06/2025,85.3,370393.93,0.0,N/A,N/A,0.0,0.0,N/A,0.0,4318.0,85.1,367461.8
91,United States,US,ALPHABET INC-CL A,,,Listed Company,27/06/2025,17819.0,85.1,1516396.9,18123.0,30/06/2025,85.1,1542267.26,0.0,N/A,N/A,0.0,0.0,N/A,0.0,17833.09,85.4,1522945.89
92,United States,US,ALPHABET INC-CL A,,,Listed Company,06/08/2025,3927.0,87.3,342827.1,4052.2,08/08/2025,87.15,353149.23,0.0,N/A,N/A,0.0,0.0,N/A,0.0,4004.7,87.1,348809.37
93,United States,US,HALLIBURTON CO,,,Listed Company,06/11/2025,1394.0,88.16,122895.04,1406.5,06/11/2025,88.16,123997.04,0.0,N/A,N/A,0.0,0.0,N/A,0.0,1390.0,88.25,122667.5
94,United States,US,HONEYWELL INTERNATIONAL INC,,,Listed Company,14/08/2025,6529.5,87.1,568719.45,6194.82,14/08/2025,87.1,539568.51,0.0,N/A,N/A,0.0,33.9,87.7,2973.03,6525.9,87.1,568405.89
95,United States,US,HEWLETT PACKARD ENTERPRISE,,,Listed Company,30/10/2025,4885.86,88.2,430932.85,4949.6,30/10/2025,88.2,436554.71,0.0,N/A,N/A,0.0,0.0,N/A,0.0,4879.0,88.2,430327.8
96,United States,US,HEWLETT PACKARD ENTERPRISE,,,Listed Company,31/10/2025,2446.5,88.2,215781.3,2492.0,31/10/2025,88.2,219794.4,0.0,N/A,N/A,0.0,0.0,N/A,0.0,2347.24,88.16,206932.68
97,United States,US,HOUSTON AMERICAN ENERGY CORP,,,Listed Company,16/09/2025,3476.2,87.65,304688.93,No price data,No price data,N/A,No price data,0.0,N/A,N/A,0.0,0.0,N/A,0.0,3427.22,87.45,299710.39
98,United States,US,INTL BUSINESS MACHINES CORP,,,Listed Company,28/07/2025,13045.0,86.05,1122522.25,13200.0,28/07/2025,86.05,1135860.0,0.0,N/A,N/A,0.0,0.0,N/A,0.0,13052.0,86.4,1127692.8
99,United States,US,INTL BUSINESS MACHINES CORP,,,Listed Company,30/07/2025,13021.0,86.9,1131524.9,13100.0,30/07/2025,86.9,1138390.0,0.0,N/A,N/A,0.0,0.0,N/A,0.0,12672.2,87.15,1104382.23
100,United States,US,ISHARES 7-10 YEAR TREASURY B,,,ETF,04/08/2025,9582.0,87.15,835071.3,9586.0,05/08/2025,87.45,838295.71,0.0,N/A,N/A,0.0,0.0,N/A,0.0,9572.0,87.3,835635.6
101,United States,US,IREN LTD,,,Listed Company,06/08/2025,1643.0,87.3,143433.9,1847.0,06/08/2025,87.3,161243.09,0.0,N/A,N/A,0.0,0.0,N/A,0.0,1818.9,87.2622,158721.18
102,United States,US,IREN LTD,,,Listed Company,20/08/2025,989.5,86.75,85839.12,989.0,20/08/2025,86.75,85795.75,0.0,N/A,N/A,0.0,0.0,N/A,0.0,973.25,86.6,84283.45
103,United States,US,INTUITIVE SURGICAL INC,,,Listed Company,19/12/2025,5680.0,89.35,507508.0,5834.5,22/12/2025,89.35,521312.59,2831.8,31/12/2025,89.47,253361.15,0.0,N/A,0.0,2853.25,89.5,255365.88
104,United States,US,ISHARES CORE 1-5 YEAR USD BO,,,ETF,22/07/2025,9709.0,85.85,833517.65,9706.0,23/07/2025,86.0,834715.98,0.0,N/A,N/A,0.0,17.0,87.3,1484.1,9701.0,86.5258,839386.53
105,United States,US,JOBY AVIATION INC,,,Listed Company,24/06/2025,878.0,85.75,75288.5,892.5,24/06/2025,85.75,76531.88,0.0,N/A,N/A,0.0,0.0,N/A,0.0,883.07,85.6,75590.79
106,United States,US,JOBY AVIATION INC,,,Listed Company,19/12/2025,2119.46,89.35,189373.39,2310.0,22/12/2025,89.35,206398.49,0.0,N/A,N/A,0.0,0.0,N/A,0.0,2142.5,89.25,191218.12
107,United States,US,KINDER MORGAN INC,,,Listed Company,27/06/2025,4333.5,85.1,368780.85,4437.0,30/06/2025,85.1,377588.7,0.0,N/A,N/A,0.0,0.0,N/A,0.0,4323.75,85.2,368383.5
108,United States,US,KOHLS CORP,,,Listed Company,03/11/2025,6500.0,88.36,574340.0,7256.0,05/11/2025,88.09,639181.02,0.0,N/A,N/A,0.0,0.0,N/A,0.0,6992.0,88.16,616414.72
109,United States,US,KOHLS CORP,,,Listed Company,07/11/2025,3339.0,88.25,294666.75,3750.0,12/11/2025,88.2,330750.0,0.0,N/A,N/A,0.0,0.0,N/A,0.0,3422.0,88.3,302162.6
110,United States,US,NLIGHT INC,,,Listed Company,18/09/2025,9052.0,87.55,792502.6,9672.0,22/09/2025,87.8,849201.64,0.0,N/A,N/A,0.0,0.0,N/A,0.0,9396.0,88.2,828727.2
111,United States,US,NLIGHT INC,,,Listed Company,19/09/2025,3104.0,87.8,272531.2,3224.0,22/09/2025,87.8,283067.21,0.0,N/A,N/A,0.0,0.0,N/A,0.0,3110.0,88.2,274302.0
112,United States,US,LENNAR CORP-A,,,Listed Company,01/07/2025,2915.0,85.2,248358.0,2959.5,01/07/2025,85.2,252149.39,0.0,N/A,N/A,0.0,12.5,85.6,1070.0,2810.95,84.9,238649.66
113,United States,US,LENNAR CORP-A,,,Listed Company,03/09/2025,6650.0,87.7,583205.0,6748.0,03/09/2025,87.7,591799.63,0.0,N/A,N/A,0.0,0.0,N/A,0.0,6896.75,87.7,604844.97
114,United States,US,CENTRUS ENERGY CORP- CLASS A,,,Listed Company,15/08/2025,4561.25,87.1,397284.88,4689.0,15/08/2025,87.1,408411.89,0.0,N/A,N/A,0.0,0.0,N/A,0.0,4551.75,87.05,396229.84
115,United States,US,CENTRUS ENERGY CORP- CLASS A,,,Listed Company,20/08/2025,3478.0,86.75,301716.5,3553.4,20/08/2025,86.75,308257.45,0.0,N/A,N/A,0.0,0.0,N/A,0.0,3498.6,86.6,302978.76
116,United States,US,LABCORP HOLDINGS INC,,,Listed Company,11/11/2025,13422.7,88.25,1184553.28,13550.0,11/11/2025,88.25,1195787.5,0.0,N/A,N/A,0.0,0.0,N/A,0.0,13331.5,88.3,1177171.45
117,United States,US,LABCORP HOLDINGS INC,,,Listed Company,17/11/2025,13418.0,88.32,1185077.76,13451.5,17/11/2025,88.32,1188036.47,0.0,N/A,N/A,0.0,0.0,N/A,0.0,12966.37,88.25,1144282.15
118,United States,US,ELI LILLY & CO,,,Listed Company,21/08/2025,14270.53,86.6,1235827.9,14389.2,22/08/2025,86.95,1251140.98,0.0,N/A,N/A,0.0,0.0,N/A,0.0,14676.5,87.34,1281845.51
119,United States,US,ELI LILLY & CO,,,Listed Company,25/08/2025,6981.35,87.0,607377.45,7465.9,27/08/2025,87.34,652071.73,0.0,N/A,N/A,0.0,0.0,N/A,0.0,7285.67,87.2943,635997.54
120,United States,US,ELI LILLY & CO,,,Listed Company,11/12/2025,6985.0,89.95,628300.75,7554.82,18/12/2025,89.75,678045.1,0.0,N/A,N/A,0.0,0.0,N/A,0.0,7457.52,89.25,665583.66
121,United States,US,LOWE'S COS INC,,,Listed Company,02/09/2025,6462.95,87.7,566800.28,6534.75,03/09/2025,87.7,573097.61,0.0,N/A,N/A,0.0,0.0,N/A,0.0,6610.25,87.7,579718.93
122,United States,US,LULULEMON ATHLETICA INC,,,Listed Company,04/12/2025,10149.64,89.6,909408.05,10551.75,05/12/2025,89.6,945436.83,1870.29,31/12/2025,89.47,167334.85,0.0,N/A,0.0,8570.92,89.95,770954.25
123,United States,US,LUMEN TECHNOLOGIES INC,,,Listed Company,31/10/2025,5147.5,88.2,454009.5,5200.0,31/10/2025,88.2,458639.98,0.0,N/A,N/A,0.0,0.0,N/A,0.0,5141.41,88.36,454294.99
124,United States,US,META PLATFORMS INC- CLASS A,,,Listed Company,29/10/2025,13893.2,87.8,1219822.96,15183.2,29/10/2025,87.8,1333084.91,0.0,N/A,N/A,0.0,0.0,N/A,0.0,13855.0,88.2,1222011.0
125,United States,US,RAMACO RESOURCES INC-A,,,Listed Company,07/08/2025,4284.0,87.3,373993.2,4386.0,07/08/2025,87.3,382897.81,0.0,N/A,N/A,0.0,0.0,N/A,0.0,4458.0,87.1123,388346.47
126,United States,US,RAMACO RESOURCES INC-A,,,Listed Company,18/09/2025,5265.75,87.55,461016.41,5631.5,18/09/2025,87.55,493037.83,0.0,N/A,N/A,0.0,0.0,N/A,0.0,5270.05,87.8,462710.39
127,United States,US,RAMACO RESOURCES INC-A,,,Listed Company,22/09/2025,16741.25,87.8,1469881.75,19552.5,25/09/2025,88.3,1726485.71,0.0,N/A,N/A,0.0,0.0,N/A,0.0,17893.5,88.35,1580890.72
128,United States,US,RAMACO RESOURCES INC-A,,,Listed Company,24/09/2025,1678.8,88.45,148489.86,1777.5,25/09/2025,88.3,156953.25,0.0,N/A,N/A,0.0,0.0,N/A,0.0,1622.5,88.35,143347.88
129,United States,US,RAMACO RESOURCES INC-A,,,Listed Company,26/09/2025,6326.0,88.35,558902.1,6680.0,26/09/2025,88.35,590178.03,0.0,N/A,N/A,0.0,0.0,N/A,0.0,6376.0,88.25,562682.0
130,United States,US,MIRION TECHNOLOGIES INC,,,Listed Company,15/08/2025,4063.0,87.1,353887.3,4142.0,15/08/2025,87.1,360768.18,0.0,N/A,N/A,0.0,0.0,N/A,0.0,4028.2,86.8304,349770.32
131,United States,US,MIRION TECHNOLOGIES INC,,,Listed Company,20/08/2025,1400.0,86.75,121450.0,1430.8,21/08/2025,86.6,123907.28,0.0,N/A,N/A,0.0,0.0,N/A,0.0,1428.0,86.95,124164.6
132,United States,US,MOLINA HEALTHCARE INC,,,Listed Company,03/12/2025,4458.6,89.7,399936.42,5301.6,31/12/2025,89.47,474334.16,5206.2,31/12/2025,89.47,465798.71,0.0,N/A,0.0,0.0,N/A,0.0
133,United States,US,MOLINA HEALTHCARE INC,,,Listed Company,19/12/2025,6516.0,89.35,582204.6,7068.8,31/12/2025,89.47,632445.54,6941.6,31/12/2025,89.47,621064.95,0.0,N/A,0.0,0.0,N/A,0.0
134,United States,US,MP MATERIALS CORP,,,Listed Company,07/11/2025,4853.5,88.25,428321.38,5935.5,10/11/2025,88.25,523807.85,0.0,N/A,N/A,0.0,0.0,N/A,0.0,5193.0,88.25,458282.25
135,United States,US,MP MATERIALS CORP,,,Listed Company,17/11/2025,5749.82,88.32,507824.54,6620.0,19/11/2025,88.25,584214.97,0.0,N/A,N/A,0.0,0.0,N/A,0.0,5766.0,88.2,508561.2
136,United States,US,MP MATERIALS CORP,,,Listed Company,21/11/2025,5700.0,88.95,507015.0,6229.8,28/11/2025,89.0,554452.2,0.0,N/A,N/A,0.0,0.0,N/A,0.0,5910.5,89.5002,528990.85
137,United States,US,MERCK & CO INC,,,Listed Company,12/11/2025,1829.98,88.2,161404.41,1885.2,13/11/2025,88.25,166368.9,0.0,N/A,N/A,0.0,0.0,N/A,0.0,1840.0,88.3,162472.0
138,United States,US,MERCK & CO INC,,,Listed Company,13/11/2025,2757.6,88.25,243358.2,2827.8,13/11/2025,88.25,249553.36,0.0,N/A,N/A,0.0,0.0,N/A,0.0,2760.0,88.3,243708.0
139,United States,US,MARVELL TECHNOLOGY INC,,,Listed Company,14/08/2025,2349.0,87.1,204597.9,2388.9,14/08/2025,87.1,208073.18,0.0,N/A,N/A,0.0,0.0,N/A,0.0,2131.5,86.6,184587.9
140,United States,US,MARVELL TECHNOLOGY INC,,,Listed Company,20/08/2025,1411.2,86.75,122421.6,1436.6,20/08/2025,86.75,124625.05,0.0,N/A,N/A,0.0,0.0,N/A,0.0,1443.4,86.7777,125254.95
141,United States,US,MARVELL TECHNOLOGY INC,,,Listed Company,26/08/2025,14891.0,87.34,1300579.94,15028.0,26/08/2025,87.34,1312545.51,0.0,N/A,N/A,0.0,0.0,N/A,0.0,14117.0,87.12,1229873.04
142,United States,US,ADVISORSHARES PURE US CANN,,,ETF,21/08/2025,1000.0,86.6,86600.0,1014.0,21/08/2025,86.6,87812.4,0.0,N/A,N/A,0.0,0.0,N/A,0.0,997.0,86.95,86689.15
143,United States,US,ADVISORSHARES PURE US CANN,,,ETF,24/11/2025,2082.0,88.75,184777.5,2346.0,02/12/2025,89.3,209497.8,0.0,N/A,N/A,0.0,0.0,N/A,0.0,2882.5,89.7308,258649.17
144,United States,US,NIOCORP DEVELOPMENTS LTD,,,Listed Company,21/08/2025,1248.0,86.6,108076.8,1266.0,21/08/2025,86.6,109635.59,0.0,N/A,N/A,0.0,0.0,N/A,0.0,1230.21,86.95,106966.76
145,United States,US,NATIONAL ENERGY SERVICES REU,,,Listed Company,13/10/2025,2024.0,88.35,178820.4,2145.0,14/10/2025,88.34,189489.31,0.0,N/A,N/A,0.0,0.0,N/A,0.0,2068.0,87.4,180743.2
146,United States,US,NEXTDECADE CORP,,,Listed Company,05/08/2025,3360.0,87.45,293832.0,3378.0,05/08/2025,87.45,295406.11,0.0,N/A,N/A,0.0,0.0,N/A,0.0,3300.0,87.3,288090.0
147,United States,US,NEXTDECADE CORP,,,Listed Company,06/08/2025,5573.78,87.3,486590.99,5642.5,06/08/2025,87.3,492590.24,0.0,N/A,N/A,0.0,0.0,N/A,0.0,5535.0,87.3,483205.5
148,United States,US,NETFLIX INC,,,Listed Company,16/12/2025,7520.0,90.6,681312.0,7786.4,17/12/2025,89.65,698050.77,0.0,N/A,N/A,0.0,0.0,N/A,0.0,7592.4,89.75,681417.9
149,United States,US,NU HOLDINGS LTD/CAYMAN ISL-A,,,Listed Company,20/08/2025,2728.0,86.75,236654.0,3023.0,28/08/2025,87.12,263363.76,0.0,N/A,N/A,0.0,0.0,N/A,0.0,2947.57,87.7,258501.89
150,United States,US,NEXGEN ENERGY LTD,,,Listed Company,18/08/2025,1400.0,87.05,121870.0,1408.0,18/08/2025,87.05,122566.4,0.0,N/A,N/A,0.0,0.0,N/A,0.0,1351.2,86.6,117013.92
151,United States,US,OCULAR THERAPEUTIX INC,,,Listed Company,08/09/2025,3905.79,87.6,342147.2,4095.0,08/09/2025,87.6,358721.99,0.0,N/A,N/A,0.0,0.0,N/A,0.0,3791.0,87.6,332091.6
152,United States,US,ORACLE CORP,,,Listed Company,16/09/2025,15338.89,87.65,1344453.71,15998.5,16/09/2025,87.65,1402268.53,0.0,N/A,N/A,0.0,0.0,N/A,0.0,15349.4,87.45,1342305.03
153,United States,US,ORACLE CORP,,,Listed Company,18/09/2025,29527.8,87.55,2585158.89,31111.0,19/09/2025,87.8,2731545.67,0.0,N/A,N/A,0.0,0.0,N/A,0.0,30916.7,87.8,2714486.26
154,United States,US,UIPATH INC - CLASS A,,,Listed Company,24/10/2025,3299.0,87.4,288332.6,3500.0,28/10/2025,87.9,307650.0,0.0,N/A,N/A,0.0,0.0,N/A,0.0,3309.0,87.8,290530.2
155,United States,US,UIPATH INC - CLASS A,,,Listed Company,03/11/2025,6400.0,88.36,565504.0,6632.0,03/11/2025,88.36,586003.52,0.0,N/A,N/A,0.0,0.0,N/A,0.0,5648.28,88.09,497556.99
156,United States,US,UIPATH INC - CLASS A,,,Listed Company,05/11/2025,3015.3,88.09,265617.78,3038.0,05/11/2025,88.09,267617.41,0.0,N/A,N/A,0.0,0.0,N/A,0.0,2866.18,88.16,252682.43
157,United States,US,PDD HOLDINGS INC,,,Listed Company,22/07/2025,2296.3,85.85,197137.36,2429.8,23/07/2025,86.0,208962.8,0.0,N/A,N/A,0.0,0.0,N/A,0.0,2330.0,86.15,200729.5
158,United States,US,PDD HOLDINGS INC,,,Listed Company,07/08/2025,5755.0,87.3,502411.5,5792.5,07/08/2025,87.3,505685.24,0.0,N/A,N/A,0.0,0.0,N/A,0.0,5676.8,87.1,494449.28
159,United States,US,PDD HOLDINGS INC,,,Listed Company,13/08/2025,1989.66,87.0,173100.42,2097.29,21/08/2025,86.6,181625.32,0.0,N/A,N/A,0.0,0.0,N/A,0.0,2145.57,86.95,186557.31
160,United States,US,PDD HOLDINGS INC,,,Listed Company,18/08/2025,4423.98,87.05,385107.46,4564.69,21/08/2025,86.6,395302.16,0.0,N/A,N/A,0.0,0.0,N/A,0.0,4688.25,86.95,407643.34
161,United States,US,PEPSICO INC,,,Listed Company,30/06/2025,6583.0,85.1,560213.3,6850.0,02/07/2025,85.2,583620.0,0.0,N/A,N/A,0.0,0.0,N/A,0.0,6990.9,85.6083,598479.02
162,United States,US,PEPGEN INC,,,Listed Company,26/09/2025,5020.0,88.35,443517.0,5350.0,26/09/2025,88.35,472672.49,0.0,N/A,N/A,0.0,0.0,N/A,0.0,4960.92,88.25,437801.19
163,United States,US,PRECIGEN INC,,,Listed Company,15/08/2025,881.0,87.1,76735.1,1047.0,15/08/2025,87.1,91193.7,0.0,N/A,N/A,0.0,0.0,N/A,0.0,891.0,86.75,77294.25
164,United States,US,PRECIGEN INC,,,Listed Company,20/08/2025,317.5,86.75,27543.12,390.0,21/08/2025,86.6,33774.0,0.0,N/A,N/A,0.0,0.0,N/A,0.0,397.5,86.95,34562.62
165,United States,US,PRECIGEN INC,,,Listed Company,25/09/2025,2334.0,88.3,206092.2,2256.0,25/09/2025,88.3,199204.8,0.0,N/A,N/A,0.0,0.0,N/A,0.0,2073.0,88.35,183149.55
166,United States,US,INVESCO PHARMACEUTICALS ETF,,,ETF,08/09/2025,9229.5,87.6,808504.2,9254.0,08/09/2025,87.6,810650.41,0.0,N/A,N/A,0.0,0.0,N/A,0.0,9188.0,87.6,804868.8
167,United States,US,PREFORMED LINE PRODUCTS CO,,,Listed Company,05/11/2025,4258.0,88.09,375087.22,4325.8,05/11/2025,88.09,381059.71,0.0,N/A,N/A,0.0,0.0,N/A,0.0,4152.2,88.16,366057.95
168,United States,US,PIONEER POWER SOLUTIONS INC,,,Listed Company,10/07/2025,2734.63,85.2,232990.48,2820.0,11/07/2025,85.4,240827.99,0.0,N/A,N/A,0.0,0.0,N/A,0.0,2715.84,85.575,232407.9
169,United States,US,PIONEER POWER SOLUTIONS INC,,,Listed Company,22/07/2025,1125.0,85.85,96581.25,1170.0,22/07/2025,85.85,100444.5,0.0,N/A,N/A,0.0,0.0,N/A,0.0,1136.6,86.0,97747.6
170,United States,US,PRIMORIS SERVICES CORP,,,Listed Company,31/10/2025,1418.7,88.2,125129.34,1452.6,03/11/2025,88.36,128351.73,0.0,N/A,N/A,0.0,0.0,N/A,0.0,1301.0,88.16,114696.16
171,United States,US,PRIMORIS SERVICES CORP,,,Listed Company,06/11/2025,1310.0,88.16,115489.6,1315.0,06/11/2025,88.16,115930.4,0.0,N/A,N/A,0.0,0.0,N/A,0.0,1258.8,88.25,111089.1
172,United States,US,PRIMORIS SERVICES CORP,,,Listed Company,10/11/2025,2567.2,88.25,226555.4,2644.6,10/11/2025,88.25,233385.94,0.0,N/A,N/A,0.0,0.0,N/A,0.0,2505.1,88.2252,221012.89
173,United States,US,POWER SOLUTIONS INTERNATIONA,,,Listed Company,05/08/2025,7324.0,87.45,640483.8,7465.6,05/08/2025,87.45,652866.72,0.0,N/A,N/A,0.0,0.0,N/A,0.0,7243.2,87.3,632331.36
174,United States,US,PARSONS CORP,,,Listed Company,08/08/2025,7787.3,87.15,678663.2,7829.8,08/08/2025,87.15,682367.04,0.0,N/A,N/A,0.0,0.0,N/A,0.0,7850.0,87.1,683735.0
175,United States,US,PARSONS CORP,,,Listed Company,15/08/2025,3134.0,87.1,272971.4,3214.0,18/08/2025,87.05,279778.69,0.0,N/A,N/A,0.0,0.0,N/A,0.0,3140.4,86.6,271958.64
176,United States,US,PARSONS CORP,,,Listed Company,20/08/2025,2330.7,86.75,202188.22,2430.6,22/08/2025,86.95,211340.66,0.0,N/A,N/A,0.0,0.0,N/A,0.0,2400.0,87.0,208800.0
177,United States,US,UNIQURE NV,,,Listed Company,17/11/2025,3121.0,88.32,275646.72,3138.0,17/11/2025,88.32,277148.15,0.0,N/A,N/A,0.0,0.0,N/A,0.0,2720.0,88.95,241944.0
178,United States,US,QXO INC,,,Listed Company,05/08/2025,8039.22,87.45,703029.79,8060.0,05/08/2025,87.45,704846.99,0.0,N/A,N/A,0.0,0.0,N/A,0.0,7786.0,87.3,679717.8
179,United States,US,RUBRIK INC-A,,,Listed Company,16/06/2025,2318.25,85.6,198442.2,No price data,No price data,N/A,No price data,0.0,N/A,N/A,0.0,0.0,N/A,0.0,2218.0,85.1,188751.8
180,United States,US,RUBRIK INC-A,,,Listed Company,18/06/2025,2190.25,85.95,188251.99,No price data,No price data,N/A,No price data,0.0,N/A,N/A,0.0,0.0,N/A,0.0,2218.0,85.1,188751.8
181,United States,US,REDDIT INC-CL A,,,Listed Company,07/11/2025,3705.6,88.25,327019.2,4221.6,11/11/2025,88.25,372556.2,0.0,N/A,N/A,0.0,0.0,N/A,0.0,4000.15,88.2245,352911.34
182,United States,US,REDDIT INC-CL A,,,Listed Company,21/11/2025,3757.0,88.95,334185.15,4630.2,02/12/2025,89.3,413476.85,2298.7,31/12/2025,89.47,205664.69,0.0,N/A,0.0,2221.7,89.7,199286.49
183,United States,US,REAL BROKERAGE INC/THE,,,Listed Company,09/07/2025,1255.5,85.45,107282.47,1302.0,09/07/2025,85.45,111255.9,0.0,N/A,N/A,0.0,0.0,N/A,0.0,1209.7,85.8363,103836.21
184,United States,US,REAL BROKERAGE INC/THE,,,Listed Company,14/07/2025,408.5,85.6,34967.6,441.0,22/07/2025,85.85,37859.85,0.0,N/A,N/A,0.0,0.0,N/A,0.0,407.5,86.4,35208.0
185,United States,US,REAL BROKERAGE INC/THE,,,Listed Company,16/07/2025,399.0,85.6,34154.4,441.0,22/07/2025,85.85,37859.85,0.0,N/A,N/A,0.0,0.0,N/A,0.0,407.5,86.4,35208.0
186,United States,US,REAL BROKERAGE INC/THE,,,Listed Company,21/07/2025,1191.0,85.9,102306.9,1323.0,22/07/2025,85.85,113579.55,0.0,N/A,N/A,0.0,0.0,N/A,0.0,1222.5,86.4,105624.0
187,United States,US,REAL BROKERAGE INC/THE,,,Listed Company,22/07/2025,830.0,85.85,71255.5,882.0,22/07/2025,85.85,75719.7,0.0,N/A,N/A,0.0,0.0,N/A,0.0,815.0,86.4,70416.0
188,United States,US,REAL BROKERAGE INC/THE,,,Listed Company,01/08/2025,3930.0,86.95,341713.5,3970.0,01/08/2025,86.95,345191.5,0.0,N/A,N/A,0.0,0.0,N/A,0.0,3955.0,87.15,344678.25
189,United States,US,REAL BROKERAGE INC/THE,,,Listed Company,23/09/2025,2046.4,88.2,180492.48,2064.0,23/09/2025,88.2,182044.79,0.0,N/A,N/A,0.0,0.0,N/A,0.0,1960.5,88.45,173406.23
190,United States,US,TRANSOCEAN LTD,,,Listed Company,09/10/2025,334.5,88.35,29553.07,349.0,09/10/2025,88.35,30834.15,0.0,N/A,N/A,0.0,0.0,N/A,0.0,335.5,87.5,29356.25
191,United States,US,INVESCO S&P 500 EQUAL WEIGHT,,,ETF,30/07/2025,13030.5,86.9,1132350.45,13084.4,30/07/2025,86.9,1137034.35,0.0,N/A,N/A,0.0,0.0,N/A,0.0,12946.66,87.15,1128301.42
192,United States,US,SENTINELONE INC -CLASS A,,,Listed Company,21/07/2025,2859.0,85.9,245588.1,3210.0,21/07/2025,85.9,275739.0,0.0,N/A,N/A,0.0,0.0,N/A,0.0,2999.65,85.85,257519.95
193,United States,US,STIFEL FINANCIAL CORP,,,Listed Company,16/07/2025,1077.85,85.6,92263.96,751.4,29/07/2025,86.4,64920.96,0.0,N/A,N/A,0.0,0.0,N/A,0.0,1148.0,87.0252,99904.94
194,United States,US,SHOPIFY INC - CLASS A,,,Listed Company,28/08/2025,4289.4,87.12,373692.53,4326.0,28/08/2025,87.12,376881.11,0.0,N/A,N/A,0.0,0.0,N/A,0.0,4245.3,87.8,372737.34
195,United States,US,SHOPIFY INC - CLASS A,,,Listed Company,30/09/2025,14860.0,88.35,1312881.0,15178.0,30/09/2025,88.35,1340976.29,0.0,N/A,N/A,0.0,0.0,N/A,0.0,14707.0,88.4,1300098.8
196,United States,US,CHAMPION HOMES INC,,,Listed Company,10/12/2025,857.0,89.45,76658.65,894.5,11/12/2025,89.95,80460.27,0.0,N/A,N/A,0.0,0.0,N/A,0.0,862.58,90.3,77890.97
197,United States,US,ISHARES SILVER TRUST,,,ETF,12/08/2025,6888.0,87.3,601322.4,7008.0,13/08/2025,87.0,609696.02,0.0,N/A,N/A,0.0,0.0,N/A,0.0,6901.0,87.1,601077.1
198,United States,US,ISHARES SILVER TRUST,,,ETF,18/11/2025,4594.0,88.25,405420.5,4750.0,19/11/2025,88.25,419187.5,0.0,N/A,N/A,0.0,0.0,N/A,0.0,4952.28,89.1801,441644.7
199,United States,US,ISHARES SILVER TRUST,,,ETF,04/12/2025,827.75,89.6,74166.4,1005.12,22/12/2025,89.35,89807.47,0.0,N/A,N/A,0.0,0.0,N/A,0.0,999.84,89.25,89235.72
200,United States,US,SUPER MICRO COMPUTER INC,,,Listed Company,10/09/2025,14385.5,87.75,1262327.62,15275.0,12/09/2025,87.95,1343436.25,0.0,N/A,N/A,0.0,0.0,N/A,0.0,14564.31,87.7734,1278358.58
201,United States,US,SNAP INC - A,,,Listed Company,06/08/2025,775.5,87.3,67701.15,794.0,07/08/2025,87.3,69316.2,0.0,N/A,N/A,0.0,0.0,N/A,0.0,745.0,87.1,64889.5
202,United States,US,SYMBOTIC INC,,,Listed Company,20/06/2025,1796.5,86.2,154858.3,No price data,No price data,N/A,No price data,0.0,N/A,N/A,0.0,0.0,N/A,0.0,1848.0,85.1,157264.8
203,United States,US,SYMBOTIC INC,,,Listed Company,23/06/2025,978.6,86.35,84502.11,1117.47,26/06/2025,85.3,95320.19,0.0,N/A,N/A,0.0,0.0,N/A,0.0,1108.8,85.1,94358.88
204,United States,US,TE CONNECTIVITY PLC,,,Listed Company,29/10/2025,9927.89,87.8,871668.74,10091.33,29/10/2025,87.8,886018.79,0.0,N/A,N/A,0.0,0.0,N/A,0.0,9941.68,88.2,876856.18
205,United States,US,TE CONNECTIVITY PLC,,,Listed Company,05/11/2025,2486.5,88.09,219035.79,2506.7,05/11/2025,88.09,220815.2,0.0,N/A,N/A,0.0,0.0,N/A,0.0,2474.4,88.16,218143.1
206,United States,US,TALEN ENERGY CORP,,,Listed Company,27/08/2025,7592.0,87.34,663085.28,7885.0,28/08/2025,87.12,686941.2,0.0,N/A,N/A,0.0,0.0,N/A,0.0,7661.4,87.7,671904.78
207,United States,US,ISHARES 20+ YEAR TREASURY BD,,,ETF,19/08/2025,8660.0,86.6,749956.0,8675.0,19/08/2025,86.6,751255.0,0.0,N/A,N/A,0.0,70.54,89.6,6320.38,8672.5,86.75,752339.38
208,United States,US,ISHARES 20+ YEAR TREASURY BD,,,ETF,22/08/2025,14758.92,86.95,1283287.75,14841.0,22/08/2025,86.95,1290425.0,0.0,N/A,N/A,0.0,0.0,N/A,0.0,14706.7,87.34,1284483.18
209,United States,US,ISHARES 20+ YEAR TREASURY BD,,,ETF,08/09/2025,17896.0,87.6,1567689.6,17952.0,08/09/2025,87.6,1572595.24,0.0,N/A,N/A,0.0,0.0,N/A,0.0,17846.0,87.6,1563309.6
210,United States,US,ISHARES 20+ YEAR TREASURY BD,,,ETF,14/11/2025,19764.8,88.3,1745231.84,19916.6,28/11/2025,89.0,1772577.38,0.0,N/A,N/A,0.0,0.0,N/A,0.0,19638.95,89.3338,1754422.81
211,United States,US,TRACTOR SUPPLY COMPANY,,,Listed Company,07/11/2025,2705.0,88.25,238716.25,2847.0,11/11/2025,88.25,251247.74,0.0,N/A,N/A,0.0,23.0,89.7,2063.1,2776.5,88.3,245164.95
212,United States,US,TRACTOR SUPPLY COMPANY,,,Listed Company,21/11/2025,5386.0,88.95,479084.7,5486.0,28/11/2025,89.0,488254.01,0.0,N/A,N/A,0.0,0.0,N/A,0.0,5341.04,89.522,478140.62
213,United States,US,TRACTOR SUPPLY COMPANY,,,Listed Company,17/12/2025,1604.55,89.65,143847.91,1609.2,17/12/2025,89.65,144264.78,0.0,N/A,N/A,0.0,0.0,N/A,0.0,1581.0,89.75,141894.75
214,United States,US,TESLA INC,,,Listed Company,15/09/2025,10150.0,87.85,891677.5,10642.5,15/09/2025,87.85,934943.65,0.0,N/A,N/A,0.0,0.0,N/A,0.0,10480.45,87.65,918611.44
215,United States,US,TETRA TECH INC,,,Listed Company,21/07/2025,3816.0,85.9,327794.4,3835.0,21/07/2025,85.9,329426.49,0.0,N/A,N/A,0.0,0.0,N/A,0.0,3797.5,85.85,326015.38
216,United States,US,US NATURAL GAS FUND LP,,,ETF,29/07/2025,6935.0,86.4,599184.0,7010.0,29/07/2025,86.4,605664.02,0.0,N/A,N/A,0.0,0.0,N/A,0.0,6595.0,87.15,574754.25
217,United States,US,US NATURAL GAS FUND LP,,,ETF,31/07/2025,4079.27,87.15,355508.38,4119.0,01/08/2025,86.95,358147.04,0.0,N/A,N/A,0.0,0.0,N/A,0.0,3957.0,87.15,344852.55
218,United States,US,US NATURAL GAS FUND LP,,,ETF,27/08/2025,9759.0,87.34,852351.06,10280.0,29/08/2025,87.8,902584.03,0.0,N/A,N/A,0.0,0.0,N/A,0.0,10359.48,87.7,908526.4
219,United States,US,US NATURAL GAS FUND LP,,,ETF,03/09/2025,3903.0,87.7,342293.1,3963.0,03/09/2025,87.7,347555.1,0.0,N/A,N/A,0.0,0.0,N/A,0.0,3936.0,87.7,345187.2
220,United States,US,US NATURAL GAS FUND LP,,,ETF,08/09/2025,5299.5,87.6,464236.2,5384.0,08/09/2025,87.6,471638.4,0.0,N/A,N/A,0.0,0.0,N/A,0.0,5296.0,87.6,463929.6
221,United States,US,US NATURAL GAS FUND LP,,,ETF,12/09/2025,1269.8,87.95,111678.91,1277.0,12/09/2025,87.95,112312.15,0.0,N/A,N/A,0.0,0.0,N/A,0.0,1249.0,87.85,109724.65
222,United States,US,US NATURAL GAS FUND LP,,,ETF,15/09/2025,4705.16,87.85,413348.31,4913.6,16/09/2025,87.65,430677.03,0.0,N/A,N/A,0.0,0.0,N/A,0.0,4841.45,87.45,423384.8
223,United States,US,US NATURAL GAS FUND LP,,,ETF,16/09/2025,1314.0,87.65,115172.1,1328.0,16/09/2025,87.65,116399.2,0.0,N/A,N/A,0.0,0.0,N/A,0.0,1308.5,87.45,114428.32
224,United States,US,US NATURAL GAS FUND LP,,,ETF,01/10/2025,9450.0,88.4,835380.0,9849.0,02/10/2025,88.4,870651.58,0.0,N/A,N/A,0.0,0.0,N/A,0.0,8274.0,87.7,725629.8
225,United States,US,US NATURAL GAS FUND LP,,,ETF,02/10/2025,4041.0,88.4,357224.4,4221.0,02/10/2025,88.4,373136.39,0.0,N/A,N/A,0.0,0.0,N/A,0.0,3546.0,87.7,310984.2
226,United States,US,US NATURAL GAS FUND LP,,,ETF,03/10/2025,23758.7,88.25,2096705.28,24912.0,07/10/2025,88.3,2199729.62,0.0,N/A,N/A,0.0,0.0,N/A,0.0,23240.82,87.4,2031247.44
227,United States,US,US NATURAL GAS FUND LP,,,ETF,10/10/2025,4327.5,88.37,382421.18,4630.5,22/10/2025,87.5,405168.74,0.0,N/A,N/A,0.0,0.0,N/A,0.0,4519.05,87.4,394964.78
228,United States,US,US NATURAL GAS FUND LP,,,ETF,17/10/2025,589.75,87.4,51544.15,661.5,22/10/2025,87.5,57881.25,0.0,N/A,N/A,0.0,0.0,N/A,0.0,645.58,87.4,56423.54
229,United States,US,US NATURAL GAS FUND LP,,,ETF,21/10/2025,1287.0,87.5,112612.5,1323.0,22/10/2025,87.5,115762.5,0.0,N/A,N/A,0.0,0.0,N/A,0.0,1291.16,87.4,112847.08
230,United States,US,US NATURAL GAS FUND LP,,,ETF,31/10/2025,2648.0,88.2,233553.6,2670.0,31/10/2025,88.2,235494.01,0.0,N/A,N/A,0.0,0.0,N/A,0.0,2680.0,88.36,236804.8
231,United States,US,US NATURAL GAS FUND LP,,,ETF,03/11/2025,6865.0,88.36,606591.4,6915.0,03/11/2025,88.36,611009.4,0.0,N/A,N/A,0.0,0.0,N/A,0.0,6803.5,88.09,599320.31
232,United States,US,UNITEDHEALTH GROUP INC,,,Listed Company,14/08/2025,8803.6,87.1,766793.56,9492.0,18/08/2025,87.05,826278.58,0.0,N/A,N/A,0.0,0.0,N/A,0.0,9059.4,86.6,784544.04
233,United States,US,UNITEDHEALTH GROUP INC,,,Listed Company,21/08/2025,6005.8,86.6,520102.28,6213.6,22/08/2025,86.95,540272.51,0.0,N/A,N/A,0.0,0.0,N/A,0.0,6111.0,87.0,531657.0
234,United States,US,UNITEDHEALTH GROUP INC,,,Listed Company,25/08/2025,9153.0,87.0,796311.0,9266.1,25/08/2025,87.0,806150.69,0.0,N/A,N/A,0.0,0.0,N/A,0.0,8971.8,87.34,783597.01
235,United States,US,UNITED PARCEL SERVICE-CL B,,,Listed Company,14/08/2025,4428.4,87.1,385713.64,4465.5,14/08/2025,87.1,388945.04,0.0,N/A,N/A,0.0,0.0,N/A,0.0,4429.5,87.1,385809.45
236,United States,US,UNITED STATES OIL FUND LP,,,ETF,12/09/2025,743.5,87.95,65390.83,744.5,12/09/2025,87.95,65478.77,0.0,N/A,N/A,0.0,0.0,N/A,0.0,745.51,87.85,65493.05
237,United States,US,UNITED STATES OIL FUND LP,,,ETF,16/09/2025,7525.93,87.65,659647.76,7586.0,16/09/2025,87.65,664912.91,0.0,N/A,N/A,0.0,0.0,N/A,0.0,7473.0,87.45,653513.85
238,United States,US,UNITED STATES OIL FUND LP,,,ETF,06/10/2025,5091.1,88.3,449544.13,5189.1,08/10/2025,88.3,458197.51,0.0,N/A,N/A,0.0,0.0,N/A,0.0,5105.1,88.35,451035.59
239,United States,US,ENERGY FUELS INC,,,Listed Company,20/08/2025,833.5,86.75,72306.13,941.0,21/08/2025,86.6,81490.6,0.0,N/A,N/A,0.0,0.0,N/A,0.0,981.0,86.95,85297.95
240,United States,US,ENERGY FUELS INC,,,Listed Company,27/10/2025,3879.0,87.8,340576.2,4190.0,28/10/2025,87.9,368301.01,0.0,N/A,N/A,0.0,0.0,N/A,0.0,3963.0,87.8,347951.4
241,United States,US,VISA INC-CLASS A SHARES,,,Listed Company,03/11/2025,5047.72,88.36,446016.98,5118.15,03/11/2025,88.36,452239.72,0.0,N/A,N/A,0.0,0.0,N/A,0.0,5017.8,88.16,442369.25
242,United States,US,VALE SA-SP ADR,,,Listed Company,21/08/2025,978.93,86.6,84775.34,981.0,21/08/2025,86.6,84954.6,0.0,N/A,N/A,0.0,0.0,N/A,0.0,1002.5,86.95,87167.38
243,United States,US,VIATRIS INC,,,Listed Company,08/09/2025,3133.5,87.6,274494.6,3153.0,08/09/2025,87.6,276202.81,0.0,N/A,N/A,0.0,0.0,N/A,0.0,3157.5,87.6,276597.0
244,United States,US,WALMART INC,,,Listed Company,04/08/2025,9939.0,87.15,866183.85,9991.0,04/08/2025,87.15,870715.68,0.0,N/A,N/A,0.0,0.0,N/A,0.0,9935.5,87.45,868859.47
245,United States,US,WALMART INC,,,Listed Company,05/08/2025,9961.5,87.45,871133.18,10472.0,08/08/2025,87.15,912634.81,0.0,N/A,N/A,0.0,0.0,N/A,0.0,10332.2,87.1,899934.62
246,United States,US,WHITEFIBER INC,,,Listed Company,08/08/2025,1570.0,87.15,136825.5,1600.0,08/08/2025,87.15,139440.0,0.0,N/A,N/A,0.0,0.0,N/A,0.0,1602.25,87.1,139555.97
247,United States,US,FINANCIAL SELECT SECTOR SPDR,,,ETF,11/08/2025,10370.0,87.1,903227.0,10582.0,13/08/2025,87.0,920634.0,0.0,N/A,N/A,0.0,0.0,N/A,0.0,10552.5,87.1,919122.75
248,United States,US,ERMENEGILDO ZEGNA NV,,,Listed Company,14/10/2025,3656.0,88.34,322971.04,4032.0,16/10/2025,87.4,352396.8,0.0,N/A,N/A,0.0,0.0,N/A,0.0,4090.0,87.4506,357673.1
